type,name,notice,furigana
粗大ごみ,アートパネル,,あ
もえないごみ,アームスタンド,,あ
粗大ごみ,アームチェア,,あ
もえないごみ,アームバンド,,あ
テレビ以外の小型家電,IHジャー炊飯器(小型家電),,あ
テレビ以外の小型家電,IHヒーター(小型家電),,あ
テレビ以外の小型家電,ICレコーダー(小型家電),,あ
もえないごみ,アイシャドウチップ(化粧品),,あ
もえないごみ,アイシャドウの鏡付きプラケース,,あ
プラスチック製容器包装,アイシャドウの鏡なしプラケース,,あ
もえないごみ,アイスクリームディッシャー,,あ
紙製容器包装・がみ,アイスクリームの紙容器、ふた,,あ
プラスチック製容器包装,アイスクリームのプラ容器、ふた,,あ
もえないごみ,アイスクリームのへら(木製・プラ製),,あ
紙製容器包装・がみ,アイスクリームのへらの紙包装,,あ
プラスチック製容器包装,アイスクリームのへらのプラ包装,,あ
テレビ以外の小型家電,アイスクリームメーカー(小型家電),,あ
もえないごみ,アイスクリームメーカー(非電気式),,あ
もえないごみ,アイスの棒(木製・プラ製),,あ
もえないごみ,アイスピック,,あ
もえないごみ,アイスペール(食器),,あ
粗大ごみ,アイスボックス,,あ
もえないごみ,アイス用カップ(食器),,あ
もえないごみ,アイゼン(靴),,あ
もえないごみ,アイブロー(化粧品),,あ
もえるごみ,アイマスク,,あ
もえないごみ,アイライナー(化粧品),,あ
テレビ以外の小型家電,アイロン(小型家電),,あ
もえないごみ,アイロンケース,,あ
もえないごみ,アイロン台・アイロン台カバー,,あ
もえるごみ,アイロンプリント紙,,あ
もえないごみ,アイロンマット,,あ
粗大ごみ,アウトドア用椅子,,あ
もえるごみ,あかすり,,あ
テレビ以外の小型家電,アクアリウム用電化製品,,あ
もえないごみ,アクセサリの保管ケース,,あ
もえないごみ,あく取り(調理用品),,あ
テレビ以外の小型家電,握力計(デジタル握力計),,あ
もえないごみ,握力計(非電気式),,あ
もえないごみ,アクリルケース・アクリル板,,あ
粗大ごみ,アコーディオンカーテン,,あ
もえないごみ,麻ひも,,あ
キッチンの油と貝殻と調理くず,アサリの貝殻,,あ
テレビ以外の小型家電,足裏マッサージ器(小型家電),,あ
もえないごみ,足裏マッサージ器(非電気式),,あ
粗大ごみ,足蹴り自転車,,あ
もえないごみ,足ひれ,,あ
きれいな古繊維,足拭きマット,,あ
もえないごみ,足踏み型器具(健康器具),,あ
テレビ以外の小型家電,足元灯(小型家電),,あ
きれいな古繊維,汗取りパッド(赤ちゃん用),,あ
きれいな古繊維,汗取りマット(赤ちゃん用),,あ
使えるくつ・かばん,アタッシュケース(汚損なし),,あ
テレビ以外の小型家電,アダプター・コード(小型家電),,あ
紙製容器包装・がみ,厚紙,,あ
もえないごみ,圧縮袋,,あ
もえないごみ,圧着工具,,あ
テレビ以外の小型家電,圧力なべ(小型家電),,あ
もえないごみ,圧力なべ(非電気式),,あ
もえないごみ,アトマイザー(香水噴霧器),,あ
もえないごみ,穴あけパンチ,,あ
テレビ以外の小型家電,アナログモデム(小型家電),,あ
きれいな古繊維,アノラック(登山・スキー用),,あ
テレビ以外の小型家電,アバランチトランシーバー,,あ
キッチンの油と貝殻と調理くず,油(廃食用油),,あ
プラスチック製容器包装,油(調理用油のプラボトル、ふた),,あ
もえないごみ,油(調理用油の一斗缶),,あ
もえないごみ,油(調理用油のびん),,あ
もえるごみ,油(肉やラードなど動物性の油),,あ
もえるごみ,あぶら取り紙(使用済み),,あ
紙製容器包装・がみ,あぶら取り紙の紙包装,,あ
もえないごみ,油はねシート,,あ
もえないごみ,油引き,,あ
もえないごみ,雨合羽,,あ
テレビ以外の小型家電,アマチュア無線機器,,あ
もえないごみ,網杓子,,あ
粗大ごみ,網戸(自ら取り外したもの),,あ
もえないごみ,編み針・編み棒,,あ
紙製容器包装・がみ,飴の紙包装、個包装,,あ
かん,飴の金属の缶とふた,,あ
プラスチック製容器包装,飴のプラスチックのパック、容器,,あ
もえないごみ,飴の棒,,あ
もえるごみ,あら(魚のあら),,あ
テレビ以外の小型家電,アルカリイオン整水器,,あ
危険ごみ,アルカリ電池,,あ
プラスチック製容器包装,アルカリ電池のシュリンクフィルム,,あ
もえるごみ,アルバム(台紙・写真ともに),,あ
粗大ごみ,アルミサッシ(自ら取り外したもの),,あ
粗大ごみ,アルミ台,,あ
もえないごみ,アルミテープ,,あ
紙製容器包装・がみ,アルミテープの芯,,あ
もえないごみ,アルミバッグ(保冷バッグ),,あ
使えるくつ・かばん,アルミバッグ(汚損なし),,あ
もえるごみ,アルミホイル、アルミはく,,あ
紙製容器包装・がみ,アルミホイルの紙の箱、芯,,あ
もえないごみ,アルミホイルの箱の金属の刃,,あ
粗大ごみ,アルミマット,,あ
もえないごみ,アロマオイル専用容器,,あ
びん,アロマオイルのびん,,あ
プラスチック製容器包装,アロマオイルのプラ製キャップ,,あ
もえないごみ,アロマキャンドルのびん,,あ
もえないごみ,アロマポット,,あ
テレビ以外の小型家電,泡立て器(小型家電),,あ
もえないごみ,泡立て器(非電気式),,あ
もえないごみ,泡立てネット,,あ
テレビ以外の小型家電,あんか(小型家電),,あ
もえないごみ,あんか(非電気式),,あ
もえないごみ,アンカーボルト,,あ
もえないごみ,アングル(鋼材),,あ
もえないごみ,アンクルウエイト,,あ
使えるくつ・かばん,アンクレット(汚損なし),,あ
きれいな古繊維,アンサンブル,,あ
もえないごみ,安全剃刀,,あ
もえないごみ,安全ピン,,あ
きれいな古繊維,アンダーシャツ,,あ
テレビ以外の小型家電,安定器(照明用),,あ
粗大ごみ,アンテナ,,あ
粗大ごみ,アンテナ基台,,あ
粗大ごみ,アンプ(大型家電),,あ
テレビ以外の小型家電,アンプ(小型家電),,あ
テレビ以外の小型家電,アンプレシーバー(小型家電),,あ
紙製容器包装・がみ,あんまんの敷き紙,,あ
プラスチック製容器包装,あんまんのプラスチック包装,,あ
テレビ以外の小型家電,EMSマシン(小型家電),,い
粗大ごみ,イーゼル,,い
テレビ以外の小型家電,ETC車載ユニット・ETC機器,,い
もえないごみ,ETCカード,,い
もえないごみ,い草上敷き,,い
危険ごみ,育毛剤のエアゾール缶,,い
プラスチック製容器包装,育毛剤のプラ容器とキャップ,,い
家庭の枝・木くず,生け花の花材,,い
テレビ以外の小型家電,イコライザ(小型家電),,い
もえないごみ,石臼,,い
キッチンの油と貝殻と調理くず,石づき(きのこ類),,い
粗大ごみ,衣装ケース・衣装だんす,,い
もえないごみ,椅子(指定ごみ袋に入るサイズ）,,い
粗大ごみ,椅子(指定ごみ袋に入らないもの）,,い
もえるごみ,椅子脚カバー(繊維製品),,い
もえないごみ,椅子マット,,い
紙製容器包装・がみ,板紙(ダンボール以外の板紙),,い
もえないごみ,板ガラス(ガラスのみ),,い
テレビ以外の小型家電,一眼レフカメラ(小型家電),,い
粗大ごみ,一輪車,,い
びん,一升びん,,い
かん,一升びんのアルミキャップ,,い
プラスチック製容器包装,一升びんのプラのふた,,い
もえないごみ,一斗缶,,い
もえないごみ,糸くずフィルター,,い
もえないごみ,糸通し・糸巻き,,い
もえないごみ,位牌,,い
もえないごみ,鋳物,,い
キッチンの油と貝殻と調理くず,いもの皮(加熱前),,い
もえないごみ,イヤーピース,,い
テレビ以外の小型家電,イヤホン(小型家電),,い
テレビ以外の小型家電,イヤホンマイク(小型家電),,い
使えるくつ・かばん,イヤリング(汚損なし),,い
もえるごみ,医療用コルセット,,い
もえるごみ,衣類(カビの生えた衣類),,い
もえるごみ,衣類(汚れた衣類),,い
プラスチック製容器包装,衣類カバー(購入時の包装),,い
もえないごみ,衣類カバー(商品として購入),,い
テレビ以外の小型家電,衣類乾燥機能付き換気扇,,い
テレビ以外の小型家電,衣類乾燥機能付き除湿機,,い
テレビ以外の小型家電,衣類乾燥機能付きハンガー,,い
テレビ以外の小型家電,衣類乾燥機能付きハンガー掛け,,い
テレビ以外の小型家電,衣類乾燥機能付き布団乾燥機,,い
粗大ごみ,衣類乾燥機の置台,,い
もえないごみ,入れ歯・入れ歯ケース,,い
紙製容器包装・がみ,入れ歯洗浄剤の紙の容器包装,,い
もえないごみ,色鉛筆・色鉛筆ケース,,い
紙製容器包装・がみ,色紙(いろがみ),,い
もえないごみ,色無地(和服),,い
もえないごみ,印鑑・印章,,い
もえないごみ,印鑑ホルダー・印鑑マット,,い
びん,インク(びん),,い
プラスチック製容器包装,インク(プラ容器、キャップ),,い
もえないごみ,インク(プリンター用インクリボン),,い
紙製容器包装・がみ,インクジェット紙,,い
テレビ以外の小型家電,インクジェットプリンター,,い
もえないごみ,インクフィルム,,い
もえないごみ,インクリボン,,い
もえないごみ,インシュレーター,,い
もえないごみ,インスタントカメラ,,い
もえるごみ,インソール,,い
テレビ以外の小型家電,インターフェースカード,,い
テレビ以外の小型家電,インターホン,,い
もえないごみ,インタリオリング,,い
紙製容器包装・がみ,インデックスシート,,い
もえるごみ,インデックスシール,,い
もえないごみ,インテリア小物,,い
テレビ以外の小型家電,インパクトドライバー,,い
テレビ以外の小型家電,インパクトレンチ,,い
もえないごみ,インラインスケート,,い
紙製容器包装・がみ,飲料パック(内側が銀色の紙),,い
紙パック,飲料パック(内側が白い紙),,い
テレビ以外の小型家電,ヴァイオリン(電子式),,う
もえないごみ,ヴァイオリン,,う
テレビ以外の小型家電,Wii・Wii U(小型家電),,う
もえないごみ,ウィール(スケートボード用),,う
もえないごみ,ヴィオラ,,う
もえないごみ,ウイスキーグラス,,う
粗大ごみ,ウインドファン,,う
きれいな古繊維,ウインドブレーカー,,う
もえないごみ,ウエイトベスト,,う
家庭の枝・木くず,植木(丈の短いもの),,う
もえないごみ,植木鉢,,う
きれいな古繊維,ウエストコート,,う
もえるごみ,ウエストニッパー,,う
使えるくつ・かばん,ウエストバッグ(汚損なし),,う
使えるくつ・かばん,ウエストポーチ(汚損なし),,う
もえないごみ,ウエットスーツ,,う
もえるごみ,ウエットティッシュ,,う
プラスチック製容器包装,ウエットティッシュの容器、パック,,う
テレビ以外の小型家電,ウェブ・カメラ(小型家電),,う
粗大ごみ,ウォーキングマシン,,う
粗大ごみ,ウォーターオーブン,,う
もえないごみ,ウォータージャグ・ウォーターポット,,う
もえないごみ,ウォーターバッグ,,う
粗大ごみ,ウォーターベッド,,う
テレビ以外の小型家電,ウォールウォッシャ(小型家電),,う
もえないごみ,ウォールポケット,,う
テレビ以外の小型家電,ウォシュレット,,う
プラスチック製容器包装,ウォッシャー液のボトル、キャップ,,う
もえないごみ,ウォッシュボール,,う
もえないごみ,ウォッチチェーン,,う
もえないごみ,ウォッチフォブ,,う
もえないごみ,ウォレットチェーン,,う
もえないごみ,浮き(釣り具),,う
もえないごみ,浮き輪,,う
粗大ごみ,うさぎ小屋,,う
もえないごみ,臼(石臼、木製の臼),,う
キッチンの油と貝殻と調理くず,ウズラの卵の殻,,う
もえないごみ,うちわ,,う
粗大ごみ,ウッドカーペット,,う
もえないごみ,ウッドタイル・ウッドパネル,,う
粗大ごみ,ウッドデッキ(自ら取り外したもの),,う
家庭の枝・木くず,ウッドペレット,,う
テレビ以外の小型家電,腕時計,,う
使えるくつ・かばん,腕輪念珠(汚損なし),,う
キッチンの油と貝殻と調理くず,海ぶどう,,う
テレビ以外の小型家電,埋込灯(ウォールウォッシャ),,う
キッチンの油と貝殻と調理くず,梅干しの種,,う
プラスチック製容器包装,梅干しのプラ容器、ふた,,う
粗大ごみ,羽毛布団,,う
もえないごみ,裏漉し器,,う
もえないごみ,ウレタン・ウレタンチップ,,う
もえないごみ,ウレタンボード・ウレタンマット,,う
もえないごみ,うろこ引き,,う
使えるくつ・かばん,運動靴(汚損、臭いなし),,う
危険ごみ,エアーダスターのスプレー缶,,え
プラスチック製容器包装,エアーダスターのプラキャップ,,え
テレビ以外の小型家電,エアインパクトレンチ(工具),,え
もえないごみ,エアガン(プラスチック製),,え
粗大ごみ,エアコンカバー・室外機カバー,,え
危険ごみ,エアゾール缶,,え
危険ごみ,エアゾール式消火具,,え
テレビ以外の小型家電,エアナットランナー(工具),,え
もえないごみ,エアフィルター,,え
粗大ごみ,エアボード(ウィンタースポーツ用),,え
テレビ以外の小型家電,エアポンプ(水槽用),,え
粗大ごみ,エアマット・エアベッド,,え
テレビ以外の小型家電,エアラチェット(工具),,え
もえないごみ,エアロバー,,え
粗大ごみ,エアロバイク,,え
テレビ以外の小型家電,映写機(小型家電),,え
もえるごみ,衛生用品,,え
プラスチック製容器包装,衛生用品のプラの外装パック,,え
テレビ以外の小型家電,HDDレコーダー(小型家電),,え
紙製容器包装・がみ,栄養ドリンク(紙の箱と説明書),,え
かん,栄養ドリンク(キャップ),,え
もえないごみ,栄養ドリンク(ストロー),,え
びん,栄養ドリンク(びん),,え
プラスチック製容器包装,栄養ドリンク(プラのトレイと包装),,え
雑誌,英和辞典,,え
テレビ以外の小型家電,AED(本体)・AEDのバッテリー,,え
もえないごみ,AEDのパッド,,え
テレビ以外の小型家電,ACアダプター用コード,,え
テレビ以外の小型家電,AC電源アダプター,,え
テレビ以外の小型家電,ADSLモデム,,え
テレビ以外の小型家電,AVスイッチャー(小型家電),,え
きれいな古繊維,Aラインスカート,,え
テレビ以外の小型家電,液晶ディスプレイ(小型家電),,え
プラスチック製容器包装,液晶ディスプレイのフィルム,,え
テレビ以外の小型家電,液晶テレビ(浴室内設備),,え
もえないごみ,エキスパンダー,,え
プラスチック製容器包装,液体石けんのプラ容器,,え
プラスチック製容器包装,液体肥料のボトル,,え
もえないごみ,エクササイズ用ポール,,え
使えるくつ・かばん,エコバッグ(汚損なし),,え
テレビ以外の小型家電,SSD(小型家電),,え
テレビ以外の小型家電,SDメモリーカード,,え
テレビ以外の小型家電,エスプレッソマシーン(小型家電),,え
家庭の枝・木くず,枝(家の庭の枝5束以内),,え
家庭の枝・木くず,枝(細かい枝など5袋以内),,え
テレビ以外の小型家電,xDピクチャーカード,,え
テレビ以外の小型家電,Xbox(小型家電),,え
もえないごみ,エッグスライサー(調理用品),,え
粗大ごみ,Nゲージケース,,え
キッチンの油と貝殻と調理くず,えのきの石づき,,え
もえないごみ,絵具皿・絵具箱・絵筆,,え
もえないごみ,絵具の金属チューブ,,え
プラスチック製容器包装,絵具のプラ製チューブ、キャップ,,え
もえないごみ,エバーフラワー,,え
もえるごみ,エビの殻,,え
テレビ以外の小型家電,エフェクター(小型家電),,え
粗大ごみ,エフェクターケース・ボード,,え
テレビ以外の小型家電,FMトランスミッター(車載用),,え
きれいな古繊維,エプロン,,え
きれいな古繊維,MA-1,,え
もえないごみ,MOディスク,,え
テレビ以外の小型家電,MOディスクドライブ,,え
もえないごみ,MD,,え
もえないごみ,MDケース,,え
テレビ以外の小型家電,MDプレーヤー,,え
テレビ以外の小型家電,MDレコーダー,,え
粗大ごみ,衣紋掛け,,え
もえないごみ,エリザベスカラー,,え
キッチンの油と貝殻と調理くず,エリンギの石づき,,え
危険ごみ,LED蛍光管・電球,,え
もえないごみ,LDディスク(レーザーディスク),,え
粗大ごみ,エレクトーン,,え
粗大ごみ,エレクトリック・ヴァイオリン,,え
粗大ごみ,エレクトリック・ギター,,え
粗大ごみ,エレクトリック・ピアノ,,え
もえないごみ,塩化ビニール管・シート,,え
テレビ以外の小型家電,園芸バリカン(小型家電),,え
もえないごみ,園芸用支柱・ピック・吊りかご,,え
もえないごみ,園芸用ネット・ビニールシート,,え
プラスチック製容器包装,エンジンオイル容器,,え
テレビ以外の小型家電,遠赤外線ヒーター(小型家電),,え
粗大ごみ,縁台,,え
もえないごみ,延長コード,,え
もえるごみ,えんどう豆(茹でたもの),,え
もえないごみ,エンドミル(工具),,え
もえないごみ,円皮鍼(えんびしん),,え
もえないごみ,鉛筆,,え
プラスチック製容器包装,鉛筆(プラスチックの容器とふた),,え
もえないごみ,鉛筆キャップ,,え
もえないごみ,鉛筆削り,,え
テレビ以外の小型家電,鉛筆削り器(小型家電),,え
紙製容器包装・がみ,鉛筆の紙箱,,え
もえないごみ,オアシス(吸水スポンジ),,お
かん,オイル(野球グラブ用),,お
もえないごみ,オイル吸着剤,,お
もえないごみ,オイルジョッキー,,お
もえないごみ,オイルスプレー(調理用),,お
テレビ以外の小型家電,オイルヒーター(小型家電),,お
もえないごみ,オイルフィルター(車用),,お
もえないごみ,オイルポット・オイルボトル,,お
危険ごみ,オイルライター,,お
もえないごみ,応援バット,,お
かん,王冠(ビールびん),,お
テレビ以外の小型家電,OAタップ(小型家電),,お
粗大ごみ,OAチェア,,お
テレビ以外の小型家電,オーディオセット(小型家電),,お
もえないごみ,オーナメント,,お
きれいな古繊維,オーバーオール(きれいなもの),,お
もえないごみ,オーバーオール(汚れているもの),,お
もえないごみ,オープナー(文房具),,お
テレビ以外の小型家電,オーブントースター(小型家電),,お
もえないごみ,オーブン用トレイ,,お
テレビ以外の小型家電,オーブンレンジ(小型家電),,お
もえないごみ,オーボエ(楽器・ケース),,お
粗大ごみ,オール,,お
もえないごみ,オカリナ(楽器),,お
もえないごみ,起き上がりこぼし,,お
もえないごみ,置き鏡,,お
テレビ以外の小型家電,置時計(小型家電),,お
きれいな古繊維,おくるみ(赤ちゃん用),,お
もえないごみ,桶,,お
危険ごみ,お香,,お
もえないごみ,お香立て,,お
プラスチック製容器包装,お好み焼き用ソース(プラ容器),,お
もえないごみ,お座敷ワゴン,,お
もえないごみ,押入れシート,,お
きれいな古繊維,おしぼり(きれいなもの),,お
もえるごみ,おしぼり(汚れているもの),,お
もえないごみ,おしぼり入れ・ケース,,お
もえないごみ,おしゃぶり,,お
もえるごみ,おしりふき,,お
テレビ以外の小型家電,おしりふきウォーマー(小型家電),,お
プラスチック製容器包装,おしりふきのケース,,お
もえないごみ,お膳,,お
もえないごみ,おたま(調理用品),,お
もえないごみ,おたま置き,,お
紙製容器包装・がみ,お便り(学校のお便りなど),,お
家庭の枝・木くず,落ち葉(家の落ち葉5袋以内),,お
プラスチック製容器包装,お茶漬けの素の外装フィルム,,お
紙製容器包装・がみ,お茶漬けの素の紙包装,,お
粗大ごみ,お茶箱,,お
もえないごみ,お銚子,,お
粗大ごみ,オットマン(椅子),,お
もえるごみ,お手玉,,お
もえるごみ,お手拭き,,お
プラスチック製容器包装,お手拭きの包装フィルム,,お
プラスチック製容器包装,おでんのプラ容器とふた,,お
もえないごみ,お道具箱,,お
もえないごみ,落し蓋(金属製、プラ製、木製）,,お
プラスチック製容器包装,おにぎり(店の商品のプラ包装),,お
紙製容器包装・がみ,おにぎりの具材の紙包装,,お
プラスチック製容器包装,おにぎりの具材のプラ包装,,お
もえないごみ,おねしょパッド,,お
もえないごみ,斧,,お
もえないごみ,おはじき,,お
紙製容器包装・がみ,お花紙(汚れていないもの),,お
もえないごみ,帯,,お
もえないごみ,帯揚げ・帯飾り・帯締め,,お
もえないごみ,おひつ,,お
きれいな古繊維,お昼寝マット(赤ちゃん用),,お
紙製容器包装・がみ,お札(紙製のおふだ),,お
もえないごみ,お札(木製のおふだ),,お
もえないごみ,お風呂ポスター,,お
もえるごみ,お弁当カップ(紙製),,お
もえないごみ,お弁当カップ(プラ製),,お
もえないごみ,お弁当箱,,お
もえないごみ,お弁当ピック(木製・プラ製),,お
もえないごみ,お盆,,お
紙製容器包装・がみ,おまけ(商品のおまけの紙箱),,お
プラスチック製容器包装,おまけ(商品のおまけのプラパック),,お
もえるごみ,お守り,,お
もえないごみ,おまる,,お
もえるごみ,おむつカバー,,お
きれいな古繊維,おむつシート,,お
もえないごみ,おむつ処理バケツ,,お
使えるくつ・かばん,おむつ入れ(汚損なし),,お
もえないごみ,お面(お祭りの商品など),,お
紙製容器包装・がみ,おもちゃ(紙の箱や包装),,お
紙製容器包装・がみ,おもちゃ(説明書、保証書),,お
危険ごみ,おもちゃ(電池),,お
プラスチック製容器包装,おもちゃ(プラ容器包装),,お
もえないごみ,おもちゃ(木製、プラ製など),,お
もえないごみ,おもり,,お
紙製容器包装・がみ,折り紙,,お
新聞,折り込みチラシ,,お
もえないごみ,折りたたみ椅子・テーブル,,お
テレビ以外の小型家電,オルガン(小型家電),,お
もえないごみ,オルゴール,,お
もえないごみ,おろし金・おろし器,,お
もえないごみ,お椀,,お
テレビ以外の小型家電,音源モジュール,,お
テレビ以外の小型家電,温水洗浄便座(小型家電),,お
テレビ以外の小型家電,温泉たまご器(小型家電),,お
もえないごみ,温泉たまご器(非電気式),,お
テレビ以外の小型家電,温度計(小型家電),,お
危険ごみ,温度計(非電気式),,お
テレビ以外の小型家電,温度計(料理用),,お
テレビ以外の小型家電,温熱治療器(小型家電),,お
テレビ以外の小型家電,温風機(小型家電),,お
もえないごみ,おんぶひも,,お
テレビ以外の小型家電,カーアンプ(小型家電),,か
きれいな古繊維,カーゴパンツ,,か
粗大ごみ,カーゴボックス,,か
テレビ以外の小型家電,カーステレオ・カースピーカー,,か
もえるごみ,ガーゼ,,か
テレビ以外の小型家電,カーチューナー(小型家電),,か
きれいな古繊維,カーディガン,,か
テレビ以外の小型家電,ガーデニングソー(小型家電),,か
テレビ以外の小型家電,カーテレビ(電池式・充電式),,か
もえないごみ,カーテン(屋内用・自動車用),,か
粗大ごみ,ガーデンアーチ,,か
粗大ごみ,ガーデンテーブル・チェア,,か
もえないごみ,カーテンフック・カーテンホルダー,,か
粗大ごみ,ガーデン用ファウンテン,,か
テレビ以外の小型家電,ガーデンライト(小型家電),,か
粗大ごみ,カーテンレール,,か
もえないごみ,カードカバー,,か
使えるくつ・かばん,カードケース(汚損なし),,か
紙製容器包装・がみ,カードゲーム(紙製),,か
もえないごみ,カードスタンド・カードホルダー,,か
テレビ以外の小型家電,カードリーダー(小型家電),,か
もえるごみ,ガードル,,か
テレビ以外の小型家電,カーナビ・カーナビ用アンテナ,,か
もえないごみ,カーペット(自動車用),,か
もえないごみ,カーペット(タイルカーペット),,か
テレビ以外の小型家電,カーペット(電気式),,か
もえないごみ,カーペットクリーナー(ローラー),,か
粗大ごみ,カーペット,,か
もえないごみ,カーペット鋲,,か
もえるごみ,カーボン紙,,か
テレビ以外の小型家電,カーボンヒーター(小型家電),,か
粗大ごみ,ガーメントスチーマー,,か
使えるくつ・かばん,ガーメントバッグ(汚損なし),,か
もえないごみ,カーラー,,か
テレビ以外の小型家電,カーラー(電気式),,か
もえないごみ,カーラー(プラ製、スポンジ製),,か
プラスチック製容器包装,カーワックスのプラのキャップ,,か
かん,カーワックスの容器(缶),,か
もえるごみ,絵画(額縁はもえないごみ),,か
キッチンの油と貝殻と調理くず,貝殻,,か
もえるごみ,貝殻(中身が入っているもの),,か
紙製容器包装・がみ,会議資料(紙の資料),,か
もえないごみ,会議資料(クリップ・ダブルクリップ),,か
粗大ごみ,開脚式器具(非電気式),,か
きれいな古繊維,開襟シャツ,,か
紙製容器包装・がみ,懐紙,,か
キッチンの油と貝殻と調理くず,海藻(加熱してないもの),,か
きれいな古繊維,階段マット,,か
テレビ以外の小型家電,懐中電灯(電池は危険ごみ),,か
テレビ以外の小型家電,懐中時計,,か
もえないごみ,懐中時計(ぜんまい式),,か
もえないごみ,回転台,,か
もえないごみ,掻い巻き(かいまき)布団,,か
もえないごみ,買い物袋(マイバッグ),,か
もえないごみ,回覧板,,か
もえないごみ,カイロ(蒸気タイプ),,か
もえないごみ,カイロ・フィルム(貼るタイプ),,か
もえるごみ,カイロケース,,か
プラスチック製容器包装,カイロの外包装,,か
粗大ごみ,カウチ(椅子),,か
きれいな古繊維,ガウチョパンツ,,か
もえないごみ,カウル(バイク),,か
きれいな古繊維,ガウン,,か
粗大ごみ,カウンター,,か
もえないごみ,カウンター(数取器),,か
粗大ごみ,カウンターチェア・テーブル,,か
テレビ以外の小型家電,顔マッサージ器(電気式),,か
もえないごみ,顔マッサージ器(非電気式),,か
粗大ごみ,画架,,か
もえないごみ,鏡,,か
もえないごみ,鏡餅の飾り,,か
プラスチック製容器包装,鏡餅のプラの容器、包装,,か
テレビ以外の小型家電,掛時計,,か
もえないごみ,鍵,,か
もえないごみ,かき氷機(手動),,か
テレビ以外の小型家電,かき氷機(電動),,か
キッチンの油と貝殻と調理くず,カキの貝殻,,か
もえないごみ,かぎ針,,か
粗大ごみ,学習机(家庭用),,か
雑誌,学術書,,か
使えるくつ・かばん,学生鞄(汚損なし),,か
もえるごみ,学生証,,か
きれいな古繊維,学生服,,か
もえないごみ,カクテル・グラス,,か
もえないごみ,家具転倒防止ポール,,か
もえないごみ,額縁,,か
紙製容器包装・がみ,家計簿,,か
もえるごみ,掛け軸,,か
粗大ごみ,掛け布団,,か
きれいな古繊維,掛け布団カバー,,か
きれいな古繊維,掛け毛布,,か
もえないごみ,籠(かご),,か
使えるくつ・かばん,かごバック(汚損なし),,か
もえないごみ,傘,,か
粗大ごみ,傘(傘立て),,か
もえないごみ,傘(傘の袋),,か
もえないごみ,笠(竹笠・三度笠など),,か
プラスチック製容器包装,傘(使い捨て商品の包装),,か
もえないごみ,花材の金属、樹脂など,,か
家庭の枝・木くず,花材の草物、葉物など,,か
テレビ以外の小型家電,火災報知器,,か
もえるごみ,重ね衿,,か
紙製容器包装・がみ,歌詞カード,,か
テレビ以外の小型家電,加湿器,,か
もえないごみ,果実酒調合用のびん,,か
びん,果実酒の商品の空きびん,,か
紙製容器包装・がみ,菓子(紙の箱、紙の小袋),,か
もえないごみ,菓子(乾燥剤),,か
プラスチック製容器包装,菓子(プラのトレイ、中仕切り),,か
プラスチック製容器包装,菓子(プラのパック、小袋),,か
きれいな古繊維,カシミヤコート,,か
雑誌,画集,,か
粗大ごみ,ガスオーブンレンジ,,か
粗大ごみ,ガス給湯器,,か
粗大ごみ,ガスコンロカバー,,か
もえないごみ,ガスコンロシート・レンジシート,,か
テレビ以外の小型家電,ガスストーブ,,か
もえないごみ,ガススプリング,,か
もえないごみ,カスタネット(楽器),,か
粗大ごみ,ガステーブル,,か
もえないごみ,ガスバーナーのボンベ以外,,か
テレビ以外の小型家電,ガスファンヒーター,,か
危険ごみ,ガスボンベ(カートリッジ式),,か
もえないごみ,カセットコンロ,,か
もえないごみ,カセットテープ・ケース,,か
危険ごみ,カセットボンベの缶(家庭ごみ),,か
プラスチック製容器包装,カセットボンベのキャップ,,か
紙製容器包装・がみ,画仙紙,,か
もえないごみ,ガソリン携行缶(金属製),,か
紙製容器包装・がみ,型紙,,か
プラスチック製容器包装,片栗粉のパック,,か
テレビ以外の小型家電,肩こりマッサージ器,,か
テレビ以外の小型家電,肩たたき器(電動式),,か
もえないごみ,肩たたき器(非電気式),,か
雑誌,カタログ(糊付け製本冊子),,か
紙製容器包装・がみ,カタログ(ホッチキス綴じ冊子),,か
もえないごみ,カタログ(無料カタログの包装),,か
プラスチック製容器包装,カタログ(有料カタログの包装),,か
プラスチック製容器包装,ガチャガチャのカプセル,,か
もえないごみ,ガチャック・ガチャ玉(家庭ごみ),,か
使えるくつ・かばん,カチューシャ(汚損なし),,か
テレビ以外の小型家電,楽器(電子式の小型のもの),,か
粗大ごみ,楽器・ケースの大型のもの,,か
もえないごみ,楽器・ケースの小型サイズ,,か
粗大ごみ,楽器スタンド,,か
もえないごみ,楽器用フットペダル,,か
もえないごみ,滑車,,か
もえないごみ,カッター,,か
もえないごみ,カッターシート,,か
もえないごみ,カッターナイフ(工具･DIY),,か
もえないごみ,カッティングマット,,か
もえないごみ,ガット(テニス、バドミントン),,か
きれいな古繊維,カットソー,,か
かん,カットトマトの缶詰の缶、ふた,,か
もえないごみ,カップ(食器),,か
もえないごみ,カップ(表彰の記念品),,か
びん,カップ酒のびん,,か
紙製容器包装・がみ,カップヌードルの容器,,か
もえないごみ,カップホルダー,,か
プラスチック製容器包装,カップめん(外装フィルム),,か
紙製容器包装・がみ,カップめん(紙製の容器),,か
紙製容器包装・がみ,カップめん(紙のふた),,か
プラスチック製容器包装,カップめん(調味料のパック),,か
プラスチック製容器包装,カップめん(プラの容器),,か
紙製容器包装・がみ,カップやきそば→カップめん参照,,か
きれいな古繊維,割烹着,,か
もえるごみ,かつら・つけ毛,,か
テレビ以外の小型家電,家庭用低周波治療器,,か
テレビ以外の小型家電,家電(30×40×30cm以下),,か
粗大ごみ,家電(家電リサイクル対象外),,か
テレビ以外の小型家電,家電(携帯式、電池式テレビ),,か
紙製容器包装・がみ,家電(ダンボール以外の箱),,か
プラスチック製容器包装,家電(ダンボールのプラパック),,か
ダンボール,家電(ダンボール箱),,か
紙製容器包装・がみ,家電(取扱説明書、保証書),,か
プラスチック製容器包装,家電(取扱説明書の包装),,か
粗大ごみ,門松,,か
もえないごみ,カドラー・ベッド,,か
もえないごみ,カトラリーケース,,か
もえるごみ,蚊取り線香(使用済),,か
危険ごみ,蚊取り線香(未使用),,か
もえないごみ,蚊取り線香入れ,,か
かん,蚊取り線香の缶,,か
もえないごみ,蚊取りマット,,か
粗大ごみ,金網,,か
もえないごみ,金具,,か
もえないごみ,金ざる,,か
粗大ごみ,金だらい,,か
もえないごみ,金たわし,,か
もえないごみ,金槌(かなづち),,か
もえないごみ,金やすり(工具･DIY),,か
もえるごみ,カニの甲羅,,か
もえないごみ,曲尺(かねじゃく),,か
もえないごみ,加熱式タバコ,,か
きれいな古繊維,カバーオール,,か
紙製容器包装・がみ,ガバットファイルの紙の部分,,か
もえるごみ,ガバットファイルのつづりひも,,か
もえないごみ,ガバットファイルのプラの留具,,か
かん,蒲焼きの缶詰の缶、ふた,,か
もえないごみ,画板,,か
もえるごみ,かばん(色付きの詰め物の紙),,か
紙製容器包装・がみ,かばん(色なしの詰め物の紙),,か
もえないごみ,かばん(汚損しているかばん),,か
プラスチック製容器包装,かばん(プラの包装),,か
もえないごみ,画筆,,か
プラスチック製容器包装,カビ取洗剤のボトル、トリガー,,か
もえないごみ,画鋲,,か
もえないごみ,画鋲抜き,,か
もえないごみ,花瓶,,か
もえるごみ,花びん敷き,,か
もえないごみ,カフスチャーム(アクセサリ),,か
もえないごみ,兜,,か
キッチンの油と貝殻と調理くず,かぶの皮,,か
もえないごみ,カフリンクス(アクセサリ),,か
粗大ごみ,壁紙(自分で剥がした紙),,か
テレビ以外の小型家電,壁付灯(ブラケットライト),,か
もえないごみ,鎌,,か
もえないごみ,釜(調理用品),,か
使えるくつ・かばん,がまぐち財布(汚損なし),,か
粗大ごみ,かまど,,か
もえないごみ,かまぼこの板,,か
プラスチック製容器包装,かまぼこのプラフィルム,,か
もえないごみ,釜飯の容器(陶器製),,か
紙製容器包装・がみ,紙おしぼり(未使用のもの),,か
もえるごみ,紙おしぼり(汚れたもの),,か
もえるごみ,紙おむつ,,か
トイレに流す,紙おむつ(汚物),,か
プラスチック製容器包装,紙おむつ(プラの外装袋),,か
紙製容器包装・がみ,紙きれ,,か
紙製容器包装・がみ,紙コップ(コップ),,か
プラスチック製容器包装,紙コップ(プラのふた),,か
紙製容器包装・がみ,紙皿,,か
紙製容器包装・がみ,紙芝居,,か
もえないごみ,かみそり(非電気式),,か
テレビ以外の小型家電,かみそり機(電気かみそり),,か
テレビ以外の小型家電,かみそり洗浄機,,か
粗大ごみ,神棚,,か
紙製容器包装・がみ,紙テープのテープと芯,,か
紙製容器包装・がみ,紙ナプキン(未使用の紙),,か
もえるごみ,紙ナプキン(汚れているもの),,か
もえるごみ,紙粘土,,か
プラスチック製容器包装,紙粘土のプラ包装,,か
もえるごみ,髪の毛,,か
紙製容器包装・がみ,紙の包装,,か
紙製容器包装・がみ,紙パイプ,,か
紙製容器包装・がみ,紙パック(内側が銀色の紙),,か
紙パック,紙パック(内側が白い紙),,か
もえるごみ,紙パンツ,,か
紙製容器包装・がみ,紙ひも,,か
紙製容器包装・がみ,紙風船,,か
紙製容器包装・がみ,紙袋,,か
もえるごみ,紙やすり,,か
もえるごみ,ガム(かみくず),,か
紙製容器包装・がみ,ガム(紙の外装),,か
紙製容器包装・がみ,ガム(個包装の胴巻き、銀紙),,か
プラスチック製容器包装,ガム(プラボトル、キャップ),,か
紙製容器包装・がみ,ガム(未使用の紙くず用紙),,か
もえるごみ,ガムテープ,,か
もえないごみ,ガムテープ(カッター),,か
紙製容器包装・がみ,ガムテープ(紙の芯),,か
プラスチック製容器包装,ガムテープ(プラの包装),,か
もえないごみ,甕(かめ),,か
もえないごみ,カメオ(アクセサリ),,か
テレビ以外の小型家電,カメラ,,か
もえないごみ,カメラ(使い捨てｶﾒﾗ),,か
テレビ以外の小型家電,カメラ(ファインダー),,か
もえないごみ,カメラ(防水ケース),,か
もえないごみ,カメラ(保管ケース),,か
もえないごみ,カメラ(レンズ),,か
もえないごみ,カメラフィルムの保護バッグ,,か
粗大ごみ,蚊帳(かや),,か
紙製容器包装・がみ,画用紙,,か
もえないごみ,画用紙(スケッチブックの金具),,か
プラスチック製容器包装,画用紙(プラの包装),,か
もえないごみ,カラーコンタクトレンズ,,か
もえないごみ,カラーステイ(アクセサリ),,か
紙製容器包装・がみ,カラーテープの紙,,か
もえないごみ,カラーピン(アクセサリ),,か
もえないごみ,カラーフィルター(カメラ用),,か
もえないごみ,カラーボード,,か
粗大ごみ,カラーボックス,,か
粗大ごみ,カラオケ装置(大型),,か
テレビ以外の小型家電,カラオケ装置(小型),,か
プラスチック製容器包装,からし(調味料)→わさびを参照,,か
もえないごみ,ガラス板・ガラス棒・ガラス片,,か
危険ごみ,ガラスクリーナーのスプレー缶,,か
プラスチック製容器包装,ガラスクリーナーのプラキャップ,,か
プラスチック製容器包装,ガラスコーティング剤のプラ容器,,か
もえないごみ,ガラス細工,,か
粗大ごみ,ガラス戸(自分で解体した戸),,か
もえないごみ,ガラスフィルム,,か
もえるごみ,ガラス拭きシート,,か
もえないごみ,ガラスブロック,,か
もえないごみ,ガラスペン,,か
もえるごみ,空手着,,か
もえないごみ,カラビナ,,か
もえないごみ,カラフェ,,か
粗大ごみ,刈り込みはさみ,,か
粗大ごみ,刈払い機,,か
もえないごみ,軽石,,か
紙製容器包装・がみ,かるた,,か
もえないごみ,カレー皿,,か
紙製容器包装・がみ,カレールー(紙の箱),,か
プラスチック製容器包装,カレールー(固形のプラパック),,か
プラスチック製容器包装,カレールー(レトルトのパック),,か
家庭の枝・木くず,枯れ草,,か
もえないごみ,カレッジリング(アクセサリ),,か
紙製容器包装・がみ,カレンダー(金具をとる)の紙,,か
もえないごみ,カレンダーの金属の留め具,,か
プラスチック製容器包装,カレンダーのプラフィルム,,か
もえないごみ,革靴(汚損している・臭う),,か
使えるくつ・かばん,革靴(汚損なし),,か
きれいな古繊維,革ジャン,,か
もえないごみ,革ひも,,か
テレビ以外の小型家電,簡易充電器,,か
もえないごみ,簡易トイレ(置型タイプ),,か
テレビ以外の小型家電,換気扇(衣類乾燥機能付き),,か
テレビ以外の小型家電,換気扇(台所等の空調),,か
もえないごみ,缶切り(調理用品),,か
もえないごみ,缶ケース,,か
もえないごみ,かんざし,,か
もえるごみ,緩衝材(色付きの紙),,か
紙製容器包装・がみ,緩衝材(色なしの紙),,か
もえないごみ,緩衝材(細かな発泡の玉),,か
プラスチック製容器包装,緩衝材(プチプチシート),,か
プラスチック製容器包装,緩衝材(プラのパック),,か
もえないごみ,干渉防止シート,,か
粗大ごみ,乾燥機(専用の台),,か
テレビ以外の小型家電,乾燥機(ふとん乾燥機),,か
もえないごみ,乾燥剤,,か
プラスチック製容器包装,乾燥麺のプラ袋,,か
かん,缶チューハイのアルミ缶,,か
もえるごみ,浣腸,,か
かん,缶詰(缶とふた),,か
プラスチック製容器包装,缶詰(複数を覆うシュリンク),,か
危険ごみ,乾電池(アルカリ乾電池),,か
危険ごみ,乾電池(ニッケル系一次電池),,か
プラスチック製容器包装,乾電池(複数覆うシュリンク),,か
危険ごみ,乾電池(ボタン電池),,か
危険ごみ,乾電池(マンガン乾電池）,,か
危険ごみ,乾電池(リチウム乾電池),,か
テレビ以外の小型家電,かんな(電動工具･DIY),,か
もえないごみ,かんな(非電気式工具･DIY),,か
もえるごみ,感熱紙(レシートも含む),,か
もえるごみ,感熱発泡紙(点字本等),,か
もえないごみ,缶バッジ,,か
かん,缶ビールのアルミ缶,,か
家庭の枝・木くず,観葉植物の植物,,か
もえないごみ,観葉植物の鉢,,か
きれいな古繊維,寒冷紗(かんれいしゃ),,か
使えるくつ・かばん,キーケース(汚損なし),,き
もえないごみ,キーチェーン,,き
もえないごみ,キーパーのグローブ,,き
テレビ以外の小型家電,キーボード(電子楽器),,き
テレビ以外の小型家電,キーボード(パソコン用),,き
もえないごみ,キーボードカバー,,き
粗大ごみ,キーボードスタンド,,き
使えるくつ・かばん,キーホルダー(汚損なし),,き
家庭の枝・木くず,木くず(家庭の木くず),,き
もえないごみ,木くず(釘のついた木くず),,き
もえないごみ,木くず(塗料や油付き木くず),,き
もえないごみ,着ぐるみ,,き
粗大ごみ,義肢,,き
紙製容器包装・がみ,義歯洗浄剤の紙の箱,,き
もえないごみ,徽章,,き
粗大ごみ,ギター(エレキ)・ケース,,き
粗大ごみ,ギター(フォーク)・ケース,,き
テレビ以外の小型家電,ギターアンプ,,き
粗大ごみ,ギタースタンド,,き
粗大ごみ,キックスクーター,,き
粗大ごみ,キッズカー,,き
粗大ごみ,キッズデスク,,き
もえないごみ,木槌(きづち),,き
粗大ごみ,キッチンガード,,き
もえないごみ,キッチンシート,,き
粗大ごみ,キッチン収納・キッチンボード,,き
紙製容器包装・がみ,キッチンペーパー(紙の箱),,き
プラスチック製容器包装,キッチンペーパー(プラ包装),,き
紙製容器包装・がみ,キッチンペーパー(水濡程度),,き
もえるごみ,キッチンペーパー(汚れたもの),,き
きれいな古繊維,キッチンマット,,き
粗大ごみ,キッチンワゴン,,き
紙製容器包装・がみ,切手,,き
紙製容器包装・がみ,切符,,き
きれいな古繊維,絹,,き
粗大ごみ,杵(きね),,き
雑誌,記念誌,,き
もえないごみ,木の板(釘など金属付き),,き
家庭の枝・木くず,木の板(釘など金属なし),,き
家庭の枝・木くず,木の枝(家の庭木）,,き
キッチンの油と貝殻と調理くず,きのこ(石づき),,き
もえるごみ,きのこ(プラの包装),,き
家庭の枝・木くず,木の根(家の庭),,き
家庭の枝・木くず,木の実(家の庭),,き
もえないごみ,木箱,,き
テレビ以外の小型家電,基盤,,き
もえないごみ,ギプスカバー,,き
テレビ以外の小型家電,気泡浴装置(家庭用),,き
びん,キムチの素のびん,,き
かん,キムチの素のびんの鉄のふた,,き
プラスチック製容器包装,キムチの素のプラパック,,き
もえるごみ,キムチの残り,,き
プラスチック製容器包装,キムチのプラパック,,き
紙製容器包装・がみ,記名帳,,き
もえないごみ,着物コート,,き
もえないごみ,キャスター金具,,き
粗大ごみ,キャスター付きワゴン,,き
粗大ごみ,キャスターバッグ,,き
粗大ごみ,キャスターハンガー,,き
粗大ごみ,脚立,,き
もえないごみ,キャッシュトレー,,き
もえないごみ,キャッチャーマスク,,き
もえないごみ,キャッチャー用プロテクター,,き
粗大ごみ,キャットタワー,,き
粗大ごみ,キャットハウス,,き
かん,キャットフード(缶詰の缶),,き
プラスチック製容器包装,キャットフード(プラパック),,き
もえないごみ,キャニスター,,き
プラスチック製容器包装,キャノーラ油のボトル、キャップ,,き
粗大ごみ,キャビネット,,き
テレビ以外の小型家電,キャプチャーボード(PC機器),,き
きれいな古繊維,キャミソール(インナー),,き
もえるごみ,キャミソール(下着),,き
粗大ごみ,キャリーカート,,き
粗大ごみ,キャリーバスケット,,き
粗大ごみ,キャリーバッグ,,き
粗大ごみ,キャリングケース,,き
プラスチック製容器包装,キャンディーの外装袋,,き
紙製容器包装・がみ,キャンディーの紙袋,,き
かん,キャンディーの缶とふた,,き
紙製容器包装・がみ,キャンディーの個包装紙,,き
プラスチック製容器包装,キャンディーの個包装パック,,き
プラスチック製容器包装,キャンディーのプラの容器,,き
もえないごみ,キャンディーポット,,き
もえるごみ,キャンドル,,き
もえないごみ,キャンドルスタンド,,き
粗大ごみ,キャンバス,,き
粗大ごみ,キャンプマット,,き
もえるごみ,灸(消火しているもの),,き
粗大ごみ,キュー・キューケース,,き
もえないごみ,吸引カップ(美容器具),,き
テレビ以外の小型家電,吸引器(電気式),,き
もえないごみ,吸引器(非電気式),,き
もえないごみ,救急箱,,き
家庭の枝・木くず,球根,,き
紙製容器包装・がみ,球根の紙包装,,き
プラスチック製容器包装,球根のプラパック,,き
もえないごみ,急須,,き
もえるごみ,吸水シート(紙製の汚れた物),,き
もえないごみ,吸水シート(繰り返し使う物),,き
プラスチック製容器包装,吸水シート(魚や肉のシート),,き
テレビ以外の小型家電,吸入器,,き
紙パック,牛乳パック,,き
びん,牛乳びん,,き
紙製容器包装・がみ,牛乳びんの紙のふた,,き
プラスチック製容器包装,牛乳びんのフタのビニール,,き
紙製容器包装・がみ,灸の紙の箱,,き
もえないごみ,吸盤,,き
もえないごみ,吸盤フック,,き
きれいな古繊維,キュロット,,き
雑誌,教科書,,き
粗大ごみ,鏡台,,き
もえないごみ,魚肉ソーセージの金具,,き
プラスチック製容器包装,魚肉ソーセージのビニール,,き
もえないごみ,きり,,き
もえないごみ,霧吹き,,き
きれいな古繊維,キルティングコート,,き
きれいな古繊維,キルティングジャケット,,き
もえないごみ,キルティングフープ,,き
きれいな古繊維,キルティングマット・シーツ,,き
もえないごみ,キルトマット,,き
紙製容器包装・がみ,記録証,,き
紙製容器包装・がみ,銀紙,,き
もえないごみ,金魚鉢,,き
もえないごみ,金切りバサミ(工具･DIY),,き
もえないごみ,金属線,,き
もえないごみ,金属の箱,,き
粗大ごみ,金属パイプ,,き
もえないごみ,金属板・金属片,,き
粗大ごみ,金属棒,,き
もえないごみ,金杯,,き
きれいな古繊維,グアベヤラ・シャツ,,く
もえないごみ,杭,,く
もえないごみ,ぐい呑み,,く
もえないごみ,空気入れ,,く
テレビ以外の小型家電,空気清浄器,,く
もえないごみ,クーハン(赤ちゃん用),,く
粗大ごみ,クーラーボックス,,く
もえないごみ,クールマット,,く
もえないごみ,釘,,く
テレビ以外の小型家電,釘打ち機,,く
もえないごみ,くぎ抜き(工具･DIY),,く
もえないごみ,九九(お風呂に貼る九九の表),,く
もえないごみ,草刈機の刃,,く
粗大ごみ,草刈り機,,く
家庭の枝・木くず,草花(家の庭の雑草),,く
家庭の枝・木くず,草花(生け花の草花),,く
家庭の枝・木くず,草花(枯れた草花、落ち葉),,く
家庭の枝・木くず,草花(観葉植物の草花),,く
もえないごみ,くさり(金属製),,く
もえないごみ,櫛,,く
もえないごみ,串(竹製、鉄製など),,く
プラスチック製容器包装,串(プラの容器、ふた),,く
もえないごみ,くず取りネット,,く
もえないごみ,くずとりネット(洗濯用品),,く
もえるごみ,薬(余った薬),,く
紙製容器包装・がみ,薬(紙の箱),,く
紙製容器包装・がみ,薬(紙袋、説明書),,く
プラスチック製容器包装,薬(粉薬のプラ包装袋、容器),,く
紙製容器包装・がみ,薬(粉薬の包装紙),,く
もえるごみ,薬(湿布),,く
もえないごみ,薬(湿布のフィルム),,く
プラスチック製容器包装,薬(錠剤、カプセルのパック),,く
プラスチック製容器包装,薬(軟膏のプラ容器),,く
もえないごみ,薬(塗り薬の金属チューブ),,く
プラスチック製容器包装,薬(塗り薬のプラチューブ),,く
かん,薬(飲み薬の缶),,く
もえないごみ,薬(飲み薬の計量カップ),,く
びん,薬(飲み薬のびん),,く
プラスチック製容器包装,薬(飲み薬のボトル、キャップ),,く
紙製容器包装・がみ,薬(分包紙),,く
もえないごみ,薬箱,,く
プラスチック製容器包装,果物(いちごのパック、フィルム),,く
もえないごみ,果物(カットフルーツの爪楊枝),,く
プラスチック製容器包装,果物(カットフルーツのパック),,く
もえるごみ,果物(加熱したもの),,く
プラスチック製容器包装,果物(キウイのパック),,く
プラスチック製容器包装,果物(はっさくなどの赤いネット),,く
プラスチック製容器包装,果物(バナナのポリ袋),,く
プラスチック製容器包装,果物(桃などの白いネット),,く
キッチンの油と貝殻と調理くず,果物(皮、種),,く
かん,果物(缶詰の缶、ふた),,く
プラスチック製容器包装,口紅のプラ容器、キャップ,,く
紙製容器包装・がみ,靴(色紙でない詰め物),,く
もえるごみ,靴(色紙の詰め物),,く
もえないごみ,靴(汚損している靴),,く
紙製容器包装・がみ,靴(紙の空き箱),,く
もえないごみ,靴(臭いがする靴),,く
プラスチック製容器包装,靴(プラの詰め物),,く
テレビ以外の小型家電,靴乾燥機,,く
もえないごみ,クッキーの型,,く
テレビ以外の小型家電,クッキング温度計,,く
もえるごみ,クッキングシート,,く
紙製容器包装・がみ,クッキングシートの紙の容器,,く
テレビ以外の小型家電,クッキングヒーター,,く
もえるごみ,クッキングペーパー,,く
プラスチック製容器包装,クッキングペーパーのプラパック,,く
びん,靴クリームのびん,,く
もえるごみ,靴下,,く
もえるごみ,靴下止め,,く
もえないごみ,靴下の留め金,,く
プラスチック製容器包装,靴下の袋に入っているフック,,く
プラスチック製容器包装,靴下のプラの包装,,く
紙製容器包装・がみ,靴下のプラ包装の中の台紙,,く
紙製容器包装・がみ,靴下を巻いている紙,,く
もえないごみ,クッション(50cm四方以上の物),,く
もえるごみ,クッション(50cm四方未満の物),,く
きれいな古繊維,クッションカバー,,く
もえないごみ,クッションケース,,く
もえないごみ,クッションシート,,く
粗大ごみ,クッションソファー,,く
もえるごみ,クッション封筒,,く
もえないごみ,クッションフロア,,く
粗大ごみ,クッションマット,,く
プラスチック製容器包装,靴墨(プラスチック容器),,く
かん,靴墨の金属の容器,,く
プラスチック製容器包装,靴のプラの包装,,く
紙製容器包装・がみ,靴箱(紙製),,く
もえないごみ,くつ箱シート,,く
紙製容器包装・がみ,靴箱の中紙(緩衝材),,く
もえないごみ,靴ハンガー(プラスチック製),,く
もえないごみ,靴ひも,,く
もえないごみ,靴べら,,く
もえないごみ,靴ホルダー,,く
テレビ以外の小型家電,靴磨き機,,く
もえないごみ,首輪(ペット用),,く
粗大ごみ,熊手,,く
危険ごみ,くもり止め(エアゾール缶),,く
プラスチック製容器包装,くもり止め(プラのスプレー),,く
テレビ以外の小型家電,グラインダー(電動工具),,く
もえないごみ,クラクション(カー用品),,く
もえないごみ,グラス,,く
もえないごみ,グラススタンド,,く
紙製容器包装・がみ,クラスターパック,,く
もえないごみ,グラスバスケット,,く
もえないごみ,グラスホルダー(アクセサリ),,く
もえないごみ,クラダリング(アクセサリ),,く
もえないごみ,グラタン皿,,く
紙製容器包装・がみ,クラッカー,,く
使えるくつ・かばん,クラッチバッグ(汚損なし),,く
プラスチック製容器包装,グラノーラのプラの袋,,く
もえないごみ,グラブ(野球用),,く
テレビ以外の小型家電,グラフィックボード(PC機器),,く
かん,グラブオイル(野球用)の缶,,く
雑誌,グラフ誌,,く
紙製容器包装・がみ,クラフト紙,,く
もえないごみ,クラフトパンチ(文房具),,く
紙製容器包装・がみ,グラフ用紙,,く
もえないごみ,クラリネット(楽器・ケース),,く
もえないごみ,クランプ (工具･DIY),,く
もえないごみ,クリアケース・クリアボックス,,く
もえないごみ,クリアファイル(文房具),,く
もえないごみ,クリアポスター,,く
もえないごみ,クリアホルダー,,く
危険ごみ,クリーナーのスプレー缶,,く
紙製容器包装・がみ,クリーニングの紙のラベル,,く
もえないごみ,クリーニングの袋・ハンガー,,く
もえないごみ,クリーマー(食器),,く
紙製容器包装・がみ,クリーム(化粧品)の紙容器,,く
びん,クリーム(化粧品)のびん,,く
プラスチック製容器包装,クリーム(化粧品)のプラ容器,,く
紙製容器包装・がみ,クリーム(生クリーム)の紙パック,,く
もえないごみ,クリスタル,,く
もえないごみ,クリスマスツリー,,く
もえないごみ,グリップ,,く
もえないごみ,クリップ(文房具),,く
もえるごみ,グリップテープ(スポーツ用),,く
もえないごみ,クリップボード,,く
テレビ以外の小型家電,クリップライト(照明器具),,く
危険ごみ,クリップライト(電球),,く
キッチンの油と貝殻と調理くず,栗の皮,,く
もえないごみ,グリル敷石,,く
テレビ以外の小型家電,グリルなべ(電気式),,く
もえないごみ,グリルなべ(非電気式),,く
テレビ以外の小型家電,グルーガン,,く
もえないごみ,車いす用転倒防止バー,,く
粗大ごみ,車カバー,,く
粗大ごみ,車のハンドル,,く
もえないごみ,車のマフラー,,く
テレビ以外の小型家電,クレードル(携帯の拡張機器),,く
もえないごみ,グレービーボート,,く
紙製容器包装・がみ,クレープ紙,,く
もえるごみ,クレヨン,,く
プラスチック製容器包装,クレヨンケース(プラスチック製),,く
紙製容器包装・がみ,クレヨンの紙箱、胴巻き,,く
プラスチック製容器包装,クレンジングオイル(プラ容器),,く
もえるごみ,グローブ(スポーツ用手袋),,く
もえるごみ,グローブ(野球用),,く
もえないごみ,クロス(自分で剥がしたもの),,く
プラスチック製容器包装,グロス(プラ製容器),,く
きれいな古繊維,クロップトップ,,く
きれいな古繊維,クロップドパンツ,,く
粗大ごみ,鍬(くわ),,く
もえないごみ,勲章,,く
粗大ごみ,燻製器,,く
もえるごみ,軍手,,く
危険ごみ,蛍光管(家庭ごみ),,け
紙製容器包装・がみ,蛍光管の紙製包装,,け
テレビ以外の小型家電,蛍光灯,,け
もえないごみ,蛍光ペン,,け
もえないごみ,計算尺,,け
粗大ごみ,珪藻土マット,,け
もえないごみ,携帯ストラップ,,け
テレビ以外の小型家電,携帯電話(ガラケー),,け
もえないごみ,携帯電話ケース,,け
テレビ以外の小型家電,携帯電話の電池,,け
もえないごみ,携帯トイレ,,け
もえないごみ,携帯灰皿,,け
テレビ以外の小型家電,携帯用液晶テレビ(充電式),,け
テレビ以外の小型家電,携帯用液晶テレビ(電池式),,け
テレビ以外の小型家電,携帯用音楽プレーヤー,,け
テレビ以外の小型家電,携帯ラジオ,,け
もえるごみ,毛糸くず,,け
もえないごみ,毛糸の玉,,け
紙製容器包装・がみ,景品の紙容器と包装紙,,け
もえないごみ,景品のプラ容器包装,,け
テレビ以外の小型家電,警報機,,け
キッチンの油と貝殻と調理くず,鶏卵(殻),,け
もえるごみ,鶏卵(白身、黄身),,け
プラスチック製容器包装,鶏卵(プラのパック),,け
もえないごみ,計量カップ(調理用品),,け
もえないごみ,計量スプーン(調理用品),,け
もえないごみ,ケーキサーバー,,け
もえるごみ,ケーキのアルミ,,け
紙製容器包装・がみ,ケーキの台紙、紙容器,,け
プラスチック製容器包装,ケーキのフィルム,,け
粗大ごみ,ゲートボール(スティック),,け
もえないごみ,ゲートボール(球),,け
きれいな古繊維,ケープ,,け
もえないごみ,ケーブルカッター(工具･DIY),,け
もえないごみ,ケーブルステッカー,,け
もえないごみ,ケーブルタイ,,け
もえないごみ,ケーブルホルダー,,け
もえないごみ,ケーブルモール,,け
テレビ以外の小型家電,ケーブル,,け
テレビ以外の小型家電,ゲームウォッチ,,け
紙製容器包装・がみ,ゲームカード,,け
テレビ以外の小型家電,ゲーム機(家庭用ゲーム機),,け
テレビ以外の小型家電,ゲーム機(電池は危険ごみ),,け
テレビ以外の小型家電,ゲームギア,,け
テレビ以外の小型家電,ゲームキューブ,,け
テレビ以外の小型家電,ゲームコントローラー,,け
テレビ以外の小型家電,ゲームソフト(ケース含む),,け
テレビ以外の小型家電,ゲームパッド,,け
テレビ以外の小型家電,ゲームボーイ,,け
きれいな古繊維,毛皮,,け
紙製容器包装・がみ,消しゴム(紙の胴巻き),,け
もえるごみ,消しゴム(ゴムくず),,け
プラスチック製容器包装,消しゴム(プラのフィルム),,け
粗大ごみ,化粧板,,け
もえるごみ,化粧コットン,,け
紙製容器包装・がみ,化粧コットンの紙の箱,,け
紙製容器包装・がみ,化粧水の紙の箱、説明書,,け
びん,化粧水のびん,,け
プラスチック製容器包装,化粧水のプラ容器、キャップ,,け
粗大ごみ,化粧棚,,け
紙製容器包装・がみ,化粧箱(紙の箱),,け
もえるごみ,化粧パック(布製),,け
もえないごみ,化粧パック(ビニール製),,け
もえるごみ,化粧パフ,,け
危険ごみ,化粧品(エアゾール缶),,け
もえないごみ,化粧品(鏡が付いているもの),,け
紙製容器包装・がみ,化粧品(紙の箱、説明書),,け
びん,化粧品(ガラスびん),,け
プラスチック製容器包装,化粧品(プラのスプレー),,け
プラスチック製容器包装,化粧品(プラボトル、チューブ),,け
プラスチック製容器包装,化粧品(プラ容器、キャップ),,け
もえないごみ,削り節器,,け
もえないごみ,下駄,,け
粗大ごみ,下駄箱,,け
テレビ以外の小型家電,毛玉取り器,,け
プラスチック製容器包装,ケチャップのチューブ、外装袋,,け
テレビ以外の小型家電,血圧器(電気式),,け
危険ごみ,血圧計(非電気式),,け
雑誌,月刊誌,,け
もえないごみ,結束バンド,,け
テレビ以外の小型家電,血糖測定器(電気式),,け
もえるごみ,血糖測定器の電極,,け
もえないごみ,結露シート,,け
テレビ以外の小型家電,ケトル(電気式),,け
もえないごみ,ケトル(非電気式),,け
もえないごみ,毛抜き,,け
もえないごみ,ケミカルライト,,け
使えるくつ・かばん,ケリーバッグ(汚損なし),,け
もえないごみ,弦,,け
もえないごみ,牽引フック,,け
もえないごみ,牽引ロープ,,け
もえないごみ,玄関マット,,け
粗大ごみ,健康器具(大型サイズ),,け
テレビ以外の小型家電,健康器具(小型家電),,け
もえないごみ,健康器具(小型の非電気式),,け
紙製容器包装・がみ,原稿用紙,,け
もえないごみ,剣山,,け
もえないごみ,けん玉,,け
もえるごみ,剣道着,,け
粗大ごみ,剣道の竹刀・防具,,け
もえないごみ,顕微鏡,,け
もえないごみ,研磨剤のアルミのチューブ,,け
もえないごみ,碁石,,こ
もえないごみ,鯉のぼり,,こ
もえないごみ,コイル,,こ
もえないごみ,コイン・コイントレイ,,こ
使えるくつ・かばん,コインケース(汚損なし),,こ
テレビ以外の小型家電,高圧洗浄機(車用),,こ
粗大ごみ,耕うん機(家庭用),,こ
粗大ごみ,工具箱,,こ
テレビ以外の小型家電,口腔洗浄器,,こ
紙製容器包装・がみ,工作用紙,,こ
テレビ以外の小型家電,高周波治療器,,こ
もえないごみ,香水入れ,,こ
紙製容器包装・がみ,香水の紙容器,,こ
びん,香水のガラスびん,,こ
プラスチック製容器包装,香水のプラ容器、キャップ,,こ
テレビ以外の小型家電,高度計,,こ
紙製容器包装・がみ,広報誌,,こ
紙製容器包装・がみ,広報べつかい(読みましょう),,こ
もえないごみ,香炉,,こ
もえないごみ,コーキングガン(工具･DIY),,こ
プラスチック製容器包装,コーキング材のプラの容器,,こ
もえないごみ,ゴーグル(ウインタースポーツ用),,こ
使えるくつ・かばん,ゴーグル(水泳用),,こ
紙製容器包装・がみ,コースター(紙製),,こ
もえないごみ,コースター(紙製以外),,こ
きれいな古繊維,コート,,こ
テレビ以外の小型家電,コード(延長コード),,こ
テレビ以外の小型家電,コード(通信機器のコード),,こ
粗大ごみ,コートスタンド,,こ
きれいな古繊維,コートドレス,,こ
粗大ごみ,コートハンガー,,こ
テレビ以外の小型家電,コードレスホン(電話),,こ
もえないごみ,コーナーガード,,こ
粗大ごみ,コーナーソファー,,こ
プラスチック製容器包装,コーヒー(コーヒーカプセル),,こ
もえるごみ,コーヒー(コーヒーがら),,こ
もえるごみ,コーヒー(コーヒーフィルター),,こ
かん,コーヒー(スチール缶),,こ
かん,コーヒー(粉末商品の缶),,こ
プラスチック製容器包装,コーヒー(粉末商品の缶の蓋),,こ
プラスチック製容器包装,コーヒー(粉末商品のプラ袋),,こ
ペットボトル,コーヒー(ペットボトル),,こ
プラスチック製容器包装,コーヒー(ペットボトルキャップ),,こ
プラスチック製容器包装,コーヒー(豆のプラパック),,こ
もえないごみ,コーヒーカップ,,こ
粗大ごみ,コーヒーテーブル,,こ
テレビ以外の小型家電,コーヒーミル(電動),,こ
もえないごみ,コーヒーミル(非電気式),,こ
テレビ以外の小型家電,コーヒーメーカー(電動),,こ
もえないごみ,コーヒーメジャー,,こ
粗大ごみ,コーラングレ(楽器・ケース),,こ
もえないごみ,氷コップ,,こ
もえないごみ,氷枕の金属の留め具,,こ
もえないごみ,氷枕のゴム袋,,こ
プラスチック製容器包装,コーン油のプラボトル、キャップ,,こ
もえるごみ,ゴキブリ駆除剤(粘着シート),,こ
もえないごみ,ゴキブリ駆除剤(プラケース型),,こ
危険ごみ,呼吸器官用薬のエアゾール缶,,こ
雑誌,国語辞典,,こ
もえないごみ,黒板消し,,こ
もえないごみ,碁笥(ごけ),,こ
もえるごみ,固形化した廃油,,こ
もえるごみ,固形石鹸,,こ
プラスチック製容器包装,固形石鹸のプラの包装,,こ
紙製容器包装・がみ,固形石鹸の包装紙,,こ
危険ごみ,固形燃料,,こ
もえないごみ,こけし,,こ
粗大ごみ,ござ,,こ
もえないごみ,コサージュ(アクセサリ),,こ
もえないごみ,小皿,,こ
もえないごみ,濾し器(こしき),,こ
もえないごみ,腰紐,,こ
もえないごみ,腰袋,,こ
もえないごみ,腰巻,,こ
もえるごみ,コゼー,,こ
使えるくつ・かばん,小銭入れ(汚損なし),,こ
粗大ごみ,こたつ,,こ
もえないごみ,こたつカバー(布団のカバー),,こ
テレビ以外の小型家電,こたつヒーターユニット,,こ
もえないごみ,こたつ毛布・布団・敷物,,こ
もえないごみ,骨壺,,こ
テレビ以外の小型家電,骨伝導スピーカー,,こ
もえるごみ,コットン,,こ
紙製容器包装・がみ,コットンの紙の箱,,こ
家庭の枝・木くず,木端(家の木っ端),,こ
もえないごみ,コップ(カップ),,こ
もえないごみ,コップ立て,,こ
もえないごみ,コップホルダー,,こ
テレビ以外の小型家電,コテ(髪のセット用小型家電),,こ
もえないごみ,籠手(剣道用品),,こ
もえないごみ,コテ(工具),,こ
テレビ以外の小型家電,こて(裁縫用の電気式),,こ
もえないごみ,五徳,,こ
きれいな古繊維,子供服,,こ
もえないごみ,子供用椅子,,こ
粗大ごみ,子供用椅子(食卓机用),,こ
もえないごみ,子ども用敷きマット,,こ
粗大ごみ,子供用机,,こ
もえないごみ,子ども用布団,,こ
プラスチック製容器包装,粉チーズのプラの容器,,こ
かん,粉ミルクのスチール缶,,こ
もえないごみ,粉ミルクのプラのスプーン,,こ
プラスチック製容器包装,粉ミルクのプラのふた,,こ
もえないごみ,コネクター,,こ
家庭の枝・木くず,木の葉(家の落ち葉など),,こ
プラスチック製容器包装,コバエ捕獲殺虫剤(プラ容器),,こ
もえないごみ,琥珀,,こ
もえないごみ,小鉢,,こ
もえないごみ,碁盤,,こ
もえないごみ,ご飯茶碗,,こ
紙製容器包装・がみ,コピー用紙,,こ
プラスチック製容器包装,コピー用紙のプラの包装,,こ
もえないごみ,ゴブレット,,こ
もえないごみ,独楽(こま）,,こ
もえないごみ,駒(将棋、チェスなど),,こ
紙製容器包装・がみ,細かな紙,,こ
もえるごみ,ごみネット,,こ
もえないごみ,ごみ箱(小さなサイズ),,こ
粗大ごみ,ごみ箱,,こ
粗大ごみ,ごみ袋スタンド,,こ
プラスチック製容器包装,ゴミ袋の外装パック,,こ
もえないごみ,ゴム管,,こ
もえるごみ,小麦粉粘土,,こ
紙製容器包装・がみ,小麦粉の袋,,こ
もえないごみ,小麦粘土のプラ容器、ふた,,こ
もえないごみ,ゴムシート,,こ
もえないごみ,ゴム製品,,こ
もえないごみ,ゴム栓,,こ
もえないごみ,ゴムチューブ,,こ
もえないごみ,ゴム手袋,,こ
もえないごみ,ゴム長靴(汚損してるか臭い),,こ
使えるくつ・かばん,ゴム長靴(汚損なし),,こ
もえないごみ,ゴムハンマー,,こ
もえないごみ,ゴムひも,,こ
もえないごみ,ゴムべら (スパテラ）,,こ
もえないごみ,ゴムホース,,こ
もえないごみ,ゴムボール,,こ
粗大ごみ,ゴムマット,,こ
もえないごみ,米俵,,こ
粗大ごみ,米びつ,,こ
紙製容器包装・がみ,米袋(紙袋),,こ
プラスチック製容器包装,米袋(ビニール袋),,こ
もえないごみ,小紋,,こ
もえるごみ,コルク(栓),,こ
もえるごみ,コルク製のふた,,こ
もえないごみ,コルクボード,,こ
もえるごみ,コルクマット,,こ
粗大ごみ,ゴルフクラブ,,こ
もえるごみ,ゴルフクラブのカバー(毛糸),,こ
もえないごみ,ゴルフクラブのカバー(プラ製),,こ
もえないごみ,ゴルフティー,,こ
粗大ごみ,ゴルフネット,,こ
もえないごみ,ゴルフの練習器具,,こ
粗大ごみ,ゴルフバッグ,,こ
もえないごみ,ゴルフボール,,こ
もえないごみ,ゴルフ用マーカー,,こ
粗大ごみ,コレクションボックス,,こ
もえないごみ,コンセントのプラのカバー,,こ
もえないごみ,コンソールボックス,,こ
プラスチック製容器包装,コンタクト(洗浄液ボトル),,こ
プラスチック製容器包装,コンタクト(使い捨て)の容器,,こ
もえないごみ,コンタクト(保存ケース),,こ
もえないごみ,コンタクト(レンズ),,こ
テレビ以外の小型家電,コンタクト(レンズ洗浄機),,こ
粗大ごみ,昆虫標本,,こ
プラスチック製容器包装,コンディショナー(詰替パック),,こ
プラスチック製容器包装,コンディショナー(プラボトル),,こ
もえないごみ,コンディショナーディスペンサー,,こ
粗大ごみ,コンテナボックス,,こ
もえないごみ,コンデンサ,,こ
粗大ごみ,コントラバス(楽器・ケース),,こ
テレビ以外の小型家電,コントローラー,,こ
プラスチック製容器包装,こんにゃくゼリー(容器、ふた、外装),,こ
プラスチック製容器包装,こんにゃくのパック,,こ
もえないごみ,コンパクト(鏡付き),,こ
プラスチック製容器包装,コンパクト(鏡なし),,こ
テレビ以外の小型家電,コンパクトディスク(CD)ドライブ,,こ
もえないごみ,コンパクトディスク(CD),,こ
テレビ以外の小型家電,コンパクトフラッシュ,,こ
もえないごみ,コンパス,,こ
テレビ以外の小型家電,コンピューターゲーム機,,こ
キッチンの油と貝殻と調理くず,昆布(加熱前のもの),,こ
紙製容器包装・がみ,梱包紙,,こ
もえないごみ,梱包シート(購入したシート),,こ
プラスチック製容器包装,梱包シート(商品の梱包材),,こ
もえないごみ,梱包バンド,,こ
もえないごみ,コンボスキニオン(アクセサリ),,こ
もえないごみ,コンロ(卓上コンロ),,こ
テレビ以外の小型家電,コンロ(電気式),,こ
テレビ以外の小型家電,サーキュレーター,,さ
もえないごみ,サーモマグ,,さ
テレビ以外の小型家電,サイクルメーター,,さ
もえないごみ,サイコロ,,さ
粗大ごみ,座椅子,,さ
もえないごみ,在宅医療のチューブ・カテーテル,,さ
もえないごみ,在宅医療のビニールバッグ,,さ
粗大ごみ,祭壇,,さ
もえないごみ,サイドテープ(卓球用),,さ
粗大ごみ,サイドテーブル,,さ
粗大ごみ,サイドボード,,さ
もえないごみ,菜箸,,さ
もえないごみ,財布(汚損しているもの),,さ
使えるくつ・かばん,財布(汚損なし),,さ
もえないごみ,裁縫箱,,さ
テレビ以外の小型家電,裁縫用電気こて(小型家電),,さ
危険ごみ,催涙スプレー,,さ
もえないごみ,サインペン(文房具),,さ
テレビ以外の小型家電,サウンドカード(パソコン機器),,さ
もえないごみ,盃(杯),,さ
もえるごみ,魚(あら、骨),,さ
かん,魚(蒲焼きの缶詰の缶、ふた),,さ
プラスチック製容器包装,魚(煮干しなどのプラ袋),,さ
プラスチック製容器包装,魚(白色トレイ、ラップ),,さ
プラスチック製容器包装,魚(白色トレイの吸水シート),,さ
かん,魚(水煮の缶詰の缶、ふた),,さ
テレビ以外の小型家電,魚焼き器(小型家電),,さ
もえないごみ,作業靴,,さ
もえるごみ,作業服,,さ
粗大ごみ,柵(自分で解体したもの),,さ
もえないごみ,搾乳器,,さ
もえないごみ,酒(薬用酒)の計量カップ,,さ
プラスチック製容器包装,酒粕のプラスチック容器,,さ
もえないごみ,さしがね(工具),,さ
もえないごみ,サスペンダー,,さ
きれいな古繊維,サッカーウェア,,さ
粗大ごみ,サッカーゴール(家庭用),,さ
もえないごみ,サッカーボール,,さ
粗大ごみ,サッシ(自分で解体したもの),,さ
家庭の枝・木くず,雑草(家の庭の雑草),,さ
プラスチック製容器包装,殺鼠剤の容器,,さ
テレビ以外の小型家電,殺虫器・殺虫灯(小型家電),,さ
テレビ以外の小型家電,殺虫剤(電池式・電気式),,さ
プラスチック製容器包装,殺虫剤(薬剤蒸散式の包装),,さ
危険ごみ,殺虫剤のエアゾール缶,,さ
プラスチック製容器包装,殺虫剤のボトル、キャップなど,,さ
もえるごみ,さつまいも(加熱したもの),,さ
キッチンの油と貝殻と調理くず,さつまいもの皮,,さ
もえるごみ,サニタリーバッグ(使用後),,さ
もえないごみ,サニタリーボックス,,さ
もえないごみ,サバイバルナイフ,,さ
きれいな古繊維,サファリジャケット,,さ
もえるごみ,座布団,,さ
きれいな古繊維,座布団カバー,,さ
プラスチック製容器包装,サプリメントの容器,,さ
もえるごみ,サポーター(運動用、治療用),,さ
きれいな古繊維,サマーセーター,,さ
粗大ごみ,サマーベッド,,さ
もえるごみ,作務衣,,さ
もえないごみ,皿,,さ
きれいな古繊維,さらし,,さ
もえるごみ,サラダ(野菜サラダなどの残り),,さ
もえないごみ,サラダスピナー(調理用具),,さ
もえないごみ,皿立て,,さ
もえないごみ,サラダボウル,,さ
キッチンの油と貝殻と調理くず,サラダ油の使用済油,,さ
プラスチック製容器包装,サラダ油のプラボトル、キャップ,,さ
もえないごみ,ざる(調理用具),,さ
きれいな古繊維,サルエルパンツ,,さ
もえるごみ,猿股,,さ
きれいな古繊維,サロペット,,さ
もえないごみ,三角コーナー,,さ
もえないごみ,三角定規,,さ
もえないごみ,三角表示板,,さ
もえないごみ,三脚,,さ
使えるくつ・かばん,サングラス(汚損なし),,さ
もえないごみ,サンゴ(工芸品など),,さ
雑誌,参考書,,さ
もえないごみ,散水スプリンクラー,,さ
もえないごみ,散水ホース,,さ
危険ごみ,酸素のスプレー缶,,さ
テレビ以外の小型家電,サンダー(工具･DIY),,さ
使えるくつ・かばん,サンダル(汚損、臭いなし),,さ
粗大ごみ,三段ボックス,,さ
プラスチック製容器包装,サンドイッチのプラスチック包装,,さ
テレビ以外の小型家電,サンドイッチメーカー(電気式),,さ
粗大ごみ,サンドバック,,さ
きれいな古繊維,サンドレス,,さ
使えるくつ・かばん,サンバイザー,,さ
もえるごみ,残飯,,さ
テレビ以外の小型家電,サンプラー(楽器類),,さ
粗大ごみ,三輪車,,さ
テレビ以外の小型家電,CRTディスプレイ(モニター),,し
粗大ごみ,CSアンテナ,,し
テレビ以外の小型家電,CSチューナー(小型家電),,し
もえないごみ,飼育ケース(昆虫など),,し
粗大ごみ,飼育ケース(熱帯魚など),,し
きれいな古繊維,ジージャン,,し
きれいな古繊維,シースドレス,,し
もえるごみ,しいたけ(加熱したもの),,し
キッチンの油と貝殻と調理くず,しいたけの石づき,,し
かん,シーチキンの缶とふた,,し
プラスチック製容器包装,シーチキンのシュリンクパック,,し
きれいな古繊維,シーツ,,し
雑誌,CD付き雑誌(CDを取り除く),,し
テレビ以外の小型家電,CDディスクドライブ(小型家電),,し
プラスチック製容器包装,CDの外装フィルム,,し
紙製容器包装・がみ,CDの紙のラベル、箱、歌詞本,,し
もえないごみ,CDのディスク・ケース,,し
テレビ以外の小型家電,CDプレーヤー(小型家電),,し
もえないごみ,シートカバー(自動車用),,し
きれいな古繊維,ジーパン,,し
テレビ以外の小型家電,GPS機器(小型家電),,し
テレビ以外の小型家電,GPSレシーバー(カメラ用),,し
テレビ以外の小型家電,CPU(パソコン機器),,し
テレビ以外の小型家電,CPUクーラー(パソコン機器),,し
テレビ以外の小型家電,シーラー(小型家電),,し
テレビ以外の小型家電,シーリングファン(小型家電),,し
テレビ以外の小型家電,シーリングライト(小型家電),,し
紙製容器包装・がみ,シール(紙のシール),,し
もえるごみ,シール(光沢のあるシール),,し
紙製容器包装・がみ,シールの台紙,,し
きれいな古繊維,ジーンズ,,し
もえないごみ,シェイカー,,し
もえないごみ,シェイカー・シェイカーボトル,,し
粗大ごみ,シェーズ・ロング,,し
もえないごみ,シェード・シェードカーテン,,し
テレビ以外の小型家電,シェーバー(小型家電),,し
もえないごみ,シェーバースタンド,,し
もえないごみ,シェーバーの収納ケース,,し
危険ごみ,シェービングクリームの缶,,し
プラスチック製容器包装,シェービングジェルの容器など,,し
危険ごみ,シェービングフォームの缶,,し
もえないごみ,ジェリーボール,,し
もえないごみ,ジェルパッド,,し
もえないごみ,シェルフ,,し
もえないごみ,しおり(紙以外の素材),,し
紙製容器包装・がみ,しおり(紙製),,し
テレビ以外の小型家電,シガーアダプター(小型家電),,し
テレビ以外の小型家電,シガーソケット(小型家電),,し
雑誌,仕掛け絵本,,し
粗大ごみ,仕掛け網,,し
もえるごみ,地下足袋,,し
もえないごみ,シガレットケース,,し
もえないごみ,歯間ブラシ,,し
もえないごみ,敷石,,し
もえるごみ,磁気カード(クレジットカード),,し
もえないごみ,磁気ガード用金属シート,,し
紙製容器包装・がみ,色紙,,し
もえないごみ,磁気ネックレス,,し
きれいな古繊維,敷きパッド,,し
粗大ごみ,敷き布団,,し
きれいな古繊維,敷き布団カバー,,し
もえないごみ,磁気マット,,し
粗大ごみ,敷き毛布,,し
粗大ごみ,敷き物(大きいサイズ),,し
紙製容器包装・がみ,試供品の紙容器や包装紙,,し
もえないごみ,試供品のプラの容器や包装,,し
テレビ以外の小型家電,ジグソー(工具),,し
紙製容器包装・がみ,ジグソーパズルのピース・紙の箱,,し
プラスチック製容器包装,ジグソーパズルのピースの包装,,し
もえないごみ,ジグソーパズルのフレーム,,し
もえないごみ,シクネスゲージ(工具),,し
もえないごみ,シグネットリング(アクセサリ),,し
もえないごみ,字消し板,,し
キッチンの油と貝殻と調理くず,シジミの貝殻,,し
もえないごみ,磁石,,し
もえるごみ,磁石入絆創膏,,し
もえないごみ,刺しゅう枠,,し
雑誌,辞書,,し
テレビ以外の小型家電,辞書(電子式),,し
もえるごみ,下着,,し
もえないごみ,下敷き(文房具),,し
もえないごみ,七輪,,し
もえないごみ,漆器,,し
テレビ以外の小型家電,湿度計(小型家電),,し
テレビ以外の小型家電,室内アンテナ(小型家電),,し
粗大ごみ,室内物干し,,し
もえないごみ,ジッパー,,し
テレビ以外の小型家電,ZIPドライブ(パソコン機器),,し
もえるごみ,湿布薬,,し
もえないごみ,湿布薬の表面のフィルム,,し
雑誌,辞典・事典,,し
粗大ごみ,自転車・フレーム・車輪,,し
粗大ごみ,自転車型健康器具,,し
テレビ以外の小型家電,自転車充電器(小型家電),,し
もえないごみ,自転車スタンド,,し
もえないごみ,自転車のアクセサリー・パーツ,,し
もえないごみ,自転車のカバー,,し
もえないごみ,自動車用カバー,,し
もえないごみ,自撮り棒,,し
粗大ごみ,竹刀,,し
もえないごみ,シノワ(スープ漉し器),,し
粗大ごみ,芝刈り機,,し
テレビ以外の小型家電,芝刈り機(ハンディータイプ),,し
家庭の枝・木くず,芝生(刈り取ったもの),,し
もえないごみ,しびん,,し
もえないごみ,シフトノブ,,し
もえないごみ,ジプロック(食品保存用),,し
もえないごみ,絞り器(調理用品),,し
テレビ以外の小型家電,市民バンド機器(小型家電),,し
紙製容器包装・がみ,事務書類,,し
もえないごみ,しめ飾り,,し
もえるごみ,しめじ(加熱したもの),,し
キッチンの油と貝殻と調理くず,しめじの石づき,,し
きれいな古繊維,ジャージ類,,し
もえないごみ,シャープペンシル,,し
プラスチック製容器包装,シャープペンシルの芯の容器,,し
テレビ以外の小型家電,ジャーポット(小型家電),,し
もえないごみ,ジャーレン(調理用品),,し
もえないごみ,遮音シート,,し
もえるごみ,じゃがいも(加熱したもの),,し
キッチンの油と貝殻と調理くず,じゃがいもの皮,,し
もえないごみ,ジャグ,,し
もえないごみ,蛇口(自分で解体したもの),,し
粗大ごみ,尺八,,し
きれいな古繊維,ジャケット,,し
もえないごみ,遮光ネット,,し
テレビ以外の小型家電,車載用テレビ(電池式・充電式),,し
もえないごみ,車載用ホルダー(携帯用),,し
もえるごみ,写真(アルバム),,し
紙製容器包装・がみ,写真(現像後商品の包装紙),,し
もえるごみ,写真(ポケットアルバム),,し
もえるごみ,写真・写真用紙,,し
雑誌,写真集,,し
もえないごみ,写真立て,,し
もえないごみ,写真のネガ,,し
もえないごみ,写真パネル,,し
プラスチック製容器包装,写真用紙のプラスチックの包装,,し
もえないごみ,シャチハタ印,,し
きれいな古繊維,シャツ(Yシャツ、ブラウスなど),,し
もえるごみ,シャツ(下着用),,し
もえないごみ,シャツオーガナイザー,,し
もえないごみ,ジャッキ,,し
もえないごみ,ジャッキスタンド,,し
きれいな古繊維,シャツワンピース,,し
もえないごみ,シャトル(バドミントン),,し
もえないごみ,シャトルのケース,,し
もえないごみ,シャボン玉液の容器,,し
もえないごみ,シャボン玉ストロー,,し
紙製容器包装・がみ,ジャムの紙製容器、ふた、中ぶた,,し
びん,ジャムのガラスびん,,し
かん,ジャムの金属のふた,,し
プラスチック製容器包装,ジャムのプラスチック容器とふた,,し
もえないごみ,しゃもじ(調理用品),,し
もえないごみ,しゃもじ置き,,し
もえないごみ,車輪止め,,し
もえないごみ,シャワーカーテン,,し
もえないごみ,シャワーキャップ,,し
もえないごみ,シャワーチェア,,し
もえないごみ,シャワーフック,,し
もえないごみ,シャワーヘッド,,し
粗大ごみ,ジャングルジム(おもちゃ),,し
テレビ以外の小型家電,シャンデリア(小型家電),,し
きれいな古繊維,ジャンパー,,し
きれいな古繊維,ジャンパースカート,,し
もえないごみ,シャンパンクーラー,,し
もえないごみ,シャンパングラス,,し
粗大ごみ,ジャンピングホッパー,,し
プラスチック製容器包装,シャンプー(詰替パック),,し
プラスチック製容器包装,シャンプー(プラボトル),,し
もえないごみ,シャンプーディスペンサー,,し
もえないごみ,シャンプーハット,,し
雑誌,週刊誌,,し
テレビ以外の小型家電,ジューサー(小型家電),,し
紙製容器包装・がみ,ジュース(内側が銀色の紙パック),,し
紙パック,ジュース(内側が白い紙パック),,し
かん,ジュース(スチール缶・アルミ缶),,し
びん,ジュース(びん),,し
プラスチック製容器包装,ジュース(プラ容器とキャップ),,し
ペットボトル,ジュース(ペットボトル),,し
プラスチック製容器包装,ジュース(ペットボトルのキャップ),,し
もえないごみ,シューズキーパー,,し
使えるくつ・かばん,シューズケース・シューズバッグ,,し
粗大ごみ,シューズスタンド,,し
粗大ごみ,シューズラック,,し
プラスチック製容器包装,修正液のプラ容器とキャップ,,し
もえないごみ,修正テープ,,し
もえないごみ,修正ペン,,し
もえるごみ,重曹,,し
粗大ごみ,じゅうたん,,し
もえないごみ,じゅうたん(指定ごみ袋に入る),,し
粗大ごみ,シューツリー,,し
テレビ以外の小型家電,充電器(小型家電),,し
もえるごみ,柔道着,,し
粗大ごみ,収納棚,,し
もえないごみ,収納袋,,し
もえないごみ,収納ボックス(木・プラ・布製),,し
ダンボール,収納ボックス(ダンボール製),,し
もえないごみ,重箱,,し
もえないごみ,シュガーボウル,,し
紙製容器包装・がみ,宿題のプリント,,し
使えるくつ・かばん,シュシュ(汚損なし),,し
テレビ以外の小型家電,受信ブースター(小型家電),,し
もえないごみ,数珠,,し
粗大ごみ,ジュニアシート(車内安全用),,し
もえないごみ,朱肉,,し
プラスチック製容器包装,朱肉用インクのプラ容器とふた,,し
きれいな古繊維,授乳服,,し
もえないごみ,シュノーケル,,し
プラスチック製容器包装,シュリンクパック(商品のパック),,し
かん,酒類のアルミ缶、キャップ,,し
紙製容器包装・がみ,酒類の紙パック,,し
びん,酒類のガラスびん,,し
もえないごみ,酒類の陶器製のびん,,し
プラスチック製容器包装,酒類のプラスチックのキャップ,,し
ペットボトル,酒類のペットボトル,,し
テレビ以外の小型家電,シュレッダー(小型家電),,し
もえないごみ,シュレッダー(非電気式),,し
紙製容器包装・がみ,シュレッダーした紙類,,し
もえないごみ,瞬間冷却材のパック,,し
危険ごみ,瞬間冷却スプレー,,し
粗大ごみ,背負子(しょいこ),,し
もえないごみ,ジョイスティック(小型家電),,し
もえないごみ,ジョイントマット,,し
もえないごみ,しょう油さし,,し
プラスチック製容器包装,しょうが(調味料)のチューブなど,,し
キッチンの油と貝殻と調理くず,しょうがの皮,,し
粗大ごみ,床机(床几),,し
もえないごみ,定規・定規のケース,,し
もえないごみ,将棋盤と駒,,し
紙製容器包装・がみ,小冊子,,し
粗大ごみ,障子,,し
紙製容器包装・がみ,障子紙,,し
紙製容器包装・がみ,上質紙・上質紙の紙包装,,し
プラスチック製容器包装,上質紙のプラ包装,,し
プラスチック製容器包装,消臭剤(置き型・詰替用容器),,し
プラスチック製容器包装,消臭剤(スプレータイプの容器),,し
テレビ以外の小型家電,消臭剤(電池式・電気式),,し
危険ごみ,消臭剤のエアゾール缶,,し
もえるごみ,消臭シート,,し
紙製容器包装・がみ,賞状,,し
もえないごみ,賞状の額縁,,し
紙製容器包装・がみ,賞状の筒,,し
もえないごみ,証書ホルダー,,し
もえないごみ,浄水器,,し
もえないごみ,浄水器カートリッジ,,し
もえないごみ,焼酎サーバー,,し
プラスチック製容器包装,消毒液のプラ容器、キャップ,,し
きれいな古繊維,少年団のユニフォーム,,し
危険ごみ,常備等・常夜灯の電球,,し
テレビ以外の小型家電,常備灯・常夜灯(小型家電),,し
紙製容器包装・がみ,商品券(使えなくなったもの),,し
紙製容器包装・がみ,商品券の包装紙、紙容器,,し
紙製容器包装・がみ,賞品の紙容器や包装紙,,し
もえないごみ,賞品のプラ容器、包装,,し
もえないごみ,錠前,,し
テレビ以外の小型家電,照明器具(小型家電),,し
かん,しょう油(缶),,し
プラスチック製容器包装,しょう油(使用済のミニパック),,し
びん,しょう油(びん),,し
プラスチック製容器包装,しょう油(プラ容器、パックなど),,し
ペットボトル,しょう油(ペットボトル),,し
ペットボトル,しょう油(ペットボトルのキャップ),,し
もえるごみ,しょう油(未使用のミニパック),,し
もえないごみ,じょうろ,,し
もえるごみ,ショーツ,,し
きれいな古繊維,ショートパンツ,,し
きれいな古繊維,ショール,,し
もえないごみ,食卓カバー,,し
キッチンの油と貝殻と調理くず,食品残差(果物の皮・種),,し
キッチンの油と貝殻と調理くず,食品残差(卵の殻),,し
もえるごみ,食品残差(生ごみ),,し
キッチンの油と貝殻と調理くず,食品残差(野菜くず),,し
もえないごみ,食品保存用のきれいなプラ袋,,し
もえるごみ,食品保存用の汚れたプラ袋,,し
紙製容器包装・がみ,食品を包んだ紙(きれいなもの),,し
もえるごみ,食品を包んだ紙(汚れたもの),,し
家庭の枝・木くず,植物の実・種,,し
もえないごみ,食用油(一斗缶),,し
かん,食用油(缶),,し
キッチンの油と貝殻と調理くず,食用油(賞味期限切れ油),,し
キッチンの油と貝殻と調理くず,食用油(廃食用油),,し
びん,食用油(びん),,し
プラスチック製容器包装,食用油の(プラボトル、キャップ),,し
テレビ以外の小型家電,除湿機(小型家電),,し
紙製容器包装・がみ,除湿剤(紙容器、中ぶた),,し
もえないごみ,除湿剤(シートタイプのシート),,し
プラスチック製容器包装,除湿剤(プラ容器、ふた、パック),,し
紙製容器包装・がみ,除湿剤(包装紙、台紙),,し
雑誌,書籍,,し
もえないごみ,食器,,し
もえないごみ,ジョッキ,,し
粗大ごみ,食器洗い機(家電),,し
粗大ごみ,食器乾燥機(家電),,し
粗大ごみ,食器棚,,し
もえないごみ,食器棚シート,,し
使えるくつ・かばん,ショッパー(汚損なし),,し
紙製容器包装・がみ,ショッパー(紙製),,し
きれいな古繊維,ジョッパーズ,,し
もえるごみ,書道の下敷き,,し
もえないごみ,書道箱,,し
紙製容器包装・がみ,書道用紙,,し
もえないごみ,ショベル,,し
紙製容器包装・がみ,書類,,し
使えるくつ・かばん,ショルダーバッグ(汚損なし),,し
テレビ以外の小型家電,シリアルプリンタ(小型家電),,し
もえないごみ,シリコン製品,,し
もえるごみ,シリコン製ブラジャー,,し
もえないごみ,シリコンナイフ,,し
もえないごみ,シリコンマット,,し
紙製容器包装・がみ,資料(紙の資料),,し
もえないごみ,資料(ホッチキス以外の留め具),,し
紙製容器包装・がみ,資料(ホッチキス付の紙の資料),,し
粗大ごみ,シルバーカー・シルバーカート,,し
びん,シルバークリーナーのびん,,し
プラスチック製容器包装,シルバークリーナーのプラ容器など,,し
もえないごみ,汁椀,,し
粗大ごみ,シロフォン(楽器),,し
もえないごみ,シンガード(サッカー用品),,し
テレビ以外の小型家電,真空パック機(小型家電),,し
もえないごみ,シンクマット,,し
もえるごみ,人工肛門,,し
もえないごみ,人工芝マット,,し
紙製容器包装・がみ,診察券(紙だけの診察券),,し
もえないごみ,診察券(プラケースやカードの券),,し
テレビ以外の小型家電,シンセサイザー(小型家電),,し
テレビ以外の小型家電,振動ドリル(小型家電),,し
テレビ以外の小型家電,振動用器具(ダイエットなど),,し
粗大ごみ,シンバル(楽器・ケース),,し
粗大ごみ,シンバルスタンド,,し
新聞,新聞,,し
もえるごみ,新聞(泥や塗料がつき汚れた紙),,し
もえないごみ,新聞ストッカー,,し
プラスチック製容器包装,新聞の雨除けのビニール袋,,し
新聞,新聞の折り込みチラシ,,し
紙製容器包装・がみ,新聞の小冊子,,し
もえるごみ,甚平,,し
きれいな古繊維,水泳帽,,す
もえるごみ,吸いがら,,す
危険ごみ,水銀血圧計(家庭用),,す
危険ごみ,水銀体温計(家庭用),,す
もえないごみ,水準器(工具),,す
もえないごみ,水槽(熱帯魚などの観賞用),,す
テレビ以外の小型家電,水槽クーラー・照明・ヒーター,,す
粗大ごみ,水槽台,,す
もえないごみ,水槽フィルター,,す
もえないごみ,水槽用ヒーターカバー・ネット,,す
もえないごみ,スイッチカバー,,す
もえないごみ,水筒・水筒カバー,,す
テレビ以外の小型家電,炊飯器(小型家電),,す
もえないごみ,炊飯器の内釜・内蓋,,す
もえないごみ,水平器(工具),,す
きれいな古繊維,スイムキャップ,,す
使えるくつ・かばん,スイムゴーグル(汚損なし),,す
きれいな古繊維,スウィングトップ,,す
きれいな古繊維,スウェット,,す
きれいな古繊維,スウェットスーツ,,す
きれいな古繊維,スウェットパンツ,,す
きれいな古繊維,スウェットブルゾン,,す
きれいな古繊維,スーツ,,す
粗大ごみ,スーツケース,,す
きれいな古繊維,スーツジャケット,,す
きれいな古繊維,スーツスカート,,す
きれいな古繊維,スーツパンツ,,す
きれいな古繊維,スーツベスト,,す
テレビ以外の小型家電,スーパーカセットビジョン,,す
テレビ以外の小型家電,スーパーファミコン(スーファミ),,す
もえないごみ,スーパーボール,,す
もえないごみ,スープカップ(スープ皿・ボウル),,す
もえないごみ,スープスプーン,,す
テレビ以外の小型家電,スープメーカー(小型家電),,す
きれいな古繊維,スカート,,す
使えるくつ・かばん,スカーフ(汚損なし),,す
きれいな古繊維,スカジャン,,す
粗大ごみ,姿見,,す
雑誌,図鑑,,す
粗大ごみ,鋤(すき),,す
粗大ごみ,スキー板・ストック,,す
もえるごみ,スキーウェア・スキーグローブ,,す
もえないごみ,スキーケース,,す
粗大ごみ,スキーそり,,す
プラスチック製容器包装,スキーのワックスのプラ容器,,す
もえないごみ,スキーブーツ,,す
粗大ごみ,スキーポール,,す
もえないごみ,スキー用ゴーグル,,す
粗大ごみ,スキーラック,,す
きれいな古繊維,スキニーパンツ,,す
テレビ以外の小型家電,スキャナー(パソコン周辺機器),,す
もえるごみ,スクリーントーン,,す
もえないごみ,スクレーパー(工具),,す
もえないごみ,スケートウェア,,す
もえないごみ,スケート靴,,す
粗大ごみ,スケートボード,,す
紙製容器包装・がみ,スケッチブック,,す
もえないごみ,スケッチボード,,す
もえないごみ,スケッパー(調理用品),,す
紙製容器包装・がみ,スコアカード,,す
きれいな古繊維,スコート,,す
粗大ごみ,スコップ,,す
もえないごみ,スコヤ(工具),,す
もえないごみ,寿司桶,,す
もえないごみ,すし巻,,す
もえないごみ,鈴,,す
もえないごみ,錫製品,,す
もえないごみ,硯・硯箱,,す
もえないごみ,裾除け,,す
きれいな古繊維,スタジャン,,す
もえないごみ,スタッドボタン(アクセサリ),,す
もえないごみ,すだれ,,す
もえないごみ,スタンプ,,す
紙製容器包装・がみ,スタンプカード・メンバーズカード,,す
もえないごみ,スタンプ台,,す
テレビ以外の小型家電,スチーマー(美顔器),,す
粗大ごみ,スチームコンベクションオーブン,,す
もえないごみ,スチールウール,,す
かん,スチール缶,,す
もえないごみ,スチールボード,,す
粗大ごみ,スツール(椅子),,す
もえないごみ,すっぽん(ラバーカップ),,す
紙製容器包装・がみ,スティックシュガーの紙包装,,す
プラスチック製容器包装,スティックのりのプラ容器とキャップ,,す
もえないごみ,ステーキ皿,,す
もえないごみ,ステーショナリーケース,,す
もえるごみ,ステッカーのシール,,す
紙製容器包装・がみ,ステッカーの台紙,,す
粗大ごみ,ステッキ,,す
もえないごみ,ステッパー(健康器具),,す
もえるごみ,ステテコ,,す
テレビ以外の小型家電,ステレオ機器(小型家電),,す
きれいな古繊維,ステンカラーコート,,す
もえないごみ,ステンドグラス,,す
もえないごみ,ステンレスケース・ステンレスシート,,す
もえないごみ,ステンレスミラー,,す
粗大ごみ,ストーブ(石炭・ペレット・薪),,す
粗大ごみ,ストーブ(電気・石油式),,す
もえないごみ,ストーブの収納袋,,す
粗大ごみ,ストーブフェンス,,す
もえるごみ,ストーマパウチ,,す
きれいな古繊維,ストール,,す
もえるごみ,ストッキング,,す
紙製容器包装・がみ,ストッキングの台紙,,す
プラスチック製容器包装,ストッキングのプラスチックの包装,,す
もえるごみ,ストッキングベルト,,す
もえるごみ,ストッパー,,す
テレビ以外の小型家電,ストップウォッチ(小型家電),,す
もえないごみ,ストラップ,,す
もえないごみ,ストリングス(テニス、バトミントン),,す
粗大ごみ,ストレッチャー(健康器具),,す
もえないごみ,ストロー,,す
紙製容器包装・がみ,ストローの紙の包装,,す
プラスチック製容器包装,ストローのプラスチックの包装,,す
もえないごみ,ストローパイプ,,す
もえないごみ,ストローマグ,,す
テレビ以外の小型家電,ストロボ(カメラ用),,す
もえないごみ,砂絵・砂絵の砂,,す
もえないごみ,砂時計,,す
使えるくつ・かばん,スニーカー(汚損、臭いなし),,す
もえないごみ,スニーカーアクセサリー,,す
もえないごみ,すねあて(スポーツ用品),,す
もえるごみ,スノーウェア,,す
もえないごみ,スノーシュー,,す
粗大ごみ,スノーダンプ,,す
もえないごみ,スノードーム,,す
もえるごみ,スノーボードグローブ,,す
粗大ごみ,スノーボードの板,,す
もえないごみ,スノーボードブーツ,,す
もえるごみ,スノーボードブーツのケース,,す
粗大ごみ,すのこ,,す
もえるごみ,スノボーウェア,,す
使えるくつ・かばん,スパイク(汚損、臭いなし),,す
もえないごみ,スパイク(使い古したもの),,す
もえないごみ,スパイクのポイント・鋲,,す
きれいな古繊維,スパッツ,,す
もえないごみ,スパテラ(調理用品),,す
もえないごみ,スパナ(工具),,す
もえないごみ,スパンコール,,す
粗大ごみ,スピーカー(大型のスピーカー),,す
テレビ以外の小型家電,スピーカー(小型家電),,す
テレビ以外の小型家電,スピードメーター(小型家電),,す
プラスチック製容器包装,スピンドルケース(DVD等の容器),,す
もえないごみ,スプーン,,す
もえないごみ,スプーン(使い捨てスプーン),,す
プラスチック製容器包装,スプーン(使い捨てスプーンの袋),,す
もえないごみ,スプーンリング(アクセサリ),,す
きれいな古繊維,スプリングコート,,す
もえないごみ,スプレーガン,,す
危険ごみ,スプレー缶の缶,,す
プラスチック製容器包装,スプレー缶のキャップ,,す
危険ごみ,スプレーのりのスプレー缶,,す
粗大ごみ,滑り台(おもちゃ),,す
もえないごみ,滑り止めシート,,す
もえないごみ,スポーク(先割れスプーン),,す
もえるごみ,スポーツウェア(ウィンタースポーツ),,す
きれいな古繊維,スポーツウェア(夏用),,す
きれいな古繊維,スポーツジャケット,,す
使えるくつ・かばん,スポーツバッグ(汚損なし),,す
テレビ以外の小型家電,スポットライト(小型家電),,す
きれいな古繊維,ズボン,,す
もえないごみ,スポンジ,,す
もえるごみ,ズボン下,,す
プラスチック製容器包装,スポンジのプラスチックの外装,,す
もえないごみ,スポンジホルダー,,す
もえないごみ,スポンジマット,,す
テレビ以外の小型家電,ズボンプレッサ(小型家電),,す
テレビ以外の小型家電,スマートフォン(スマホ),,す
もえないごみ,スマートフォンケース,,す
テレビ以外の小型家電,スマートメディア,,す
もえないごみ,墨,,す
プラスチック製容器包装,墨(墨汁)のプラ容器、キャップ,,す
危険ごみ,スモークボール,,す
きれいな古繊維,スモック,,す
もえないごみ,スライサー(調理用品),,す
もえないごみ,スライスカッター(調理用品),,す
もえないごみ,スライダーローラー(健康器具),,す
もえるごみ,スライド(写真),,す
もえないごみ,スライド式シンク調理補助台,,す
もえないごみ,スライドハンガー,,す
もえるごみ,スライム,,す
きれいな古繊維,スラックス,,す
使えるくつ・かばん,スリーウェイバッグ(汚損なし),,す
もえないごみ,3Dメガネ,,す
きれいな古繊維,スリーパー(赤ちゃん用),,す
もえないごみ,すりこぎ(調理用品),,す
もえないごみ,スリッカーブラシ,,す
もえないごみ,スリッパ・スリッパ立て,,す
もえるごみ,スリップ,,す
使えるくつ・かばん,スリッポン(汚損、臭いなし),,す
もえないごみ,すり鉢(調理用品),,す
粗大ごみ,スリムファン,,す
きれいな古繊維,スリムフィットパンツ,,す
家庭の枝・木くず,生花(せいか・なまばな),,せ
もえないごみ,製菓道具,,せ
危険ごみ,制汗スプレーの缶,,せ
プラスチック製容器包装,制汗スプレーのキャップ、フィルム,,せ
テレビ以外の小型家電,整水器(小型家電),,せ
危険ごみ,静電気防止スプレーの缶,,せ
びん,整髪料(ガラスびん),,せ
かん,整髪料(缶),,せ
プラスチック製容器包装,整髪料(プラ容器、キャップ、包装),,せ
危険ごみ,整髪料(スプレー缶),,せ
テレビ以外の小型家電,製氷機(小型家電),,せ
もえないごみ,製氷皿,,せ
もえるごみ,制服,,せ
テレビ以外の小型家電,製本機(小型家電),,せ
テレビ以外の小型家電,精米機(小型家電),,せ
テレビ以外の小型家電,製めん機(電気式),,せ
粗大ごみ,整理だんす,,せ
かん,清涼飲料水(缶),,せ
びん,清涼飲料水(びん),,せ
紙製容器包装・がみ,清涼飲料水(粉末商品の紙箱),,せ
プラスチック製容器包装,清涼飲料水(粉末商品の包装),,せ
プラスチック製容器包装,清涼飲料水(ペットのキャップ),,せ
ペットボトル,清涼飲料水(ペットボトル),,せ
紙製容器包装・がみ,清涼剤の包装の紙の台紙,,せ
プラスチック製容器包装,清涼剤のボトル、キャップなど,,せ
もえるごみ,生理用品,,せ
プラスチック製容器包装,生理用品の外装袋,,せ
もえないごみ,蒸籠(せいろ),,せ
きれいな古繊維,セーター・セーターベスト,,せ
もえるごみ,セームタオル,,せ
もえないごみ,世界地図(お風呂に貼るシート),,せ
テレビ以外の小型家電,セガサターン(小型家電),,せ
使えるくつ・かばん,セカンドバッグ(汚損なし),,せ
テレビ以外の小型家電,赤外線ストーブ(小型家電),,せ
テレビ以外の小型家電,赤外線治療器(小型家電),,せ
テレビ以外の小型家電,赤外線ヒーター(小型家電),,せ
もえないごみ,石材,,せ
もえるごみ,石炭,,せ
粗大ごみ,石炭ストーブ(大型家電),,せ
テレビ以外の小型家電,石油ストーブ(小型家電),,せ
テレビ以外の小型家電,石油ファンヒーター(小型家電),,せ
もえないごみ,絶縁シール,,せ
紙製容器包装・がみ,石灰の紙袋,,せ
プラスチック製容器包装,石灰のビニール袋,,せ
もえるごみ,石けん,,せ
きれいな古繊維,ゼッケン,,せ
紙製容器包装・がみ,石けん(紙の箱、包装紙),,せ
もえないごみ,石けん(石けん置き専用ケース),,せ
もえないごみ,石けん(石けん置きトレー),,せ
プラスチック製容器包装,石けん(石けん商品付属ケース),,せ
プラスチック製容器包装,石けん(プラ包装),,せ
もえないごみ,雪駄,,せ
もえないごみ,接着剤のアルミ容器,,せ
びん,接着剤のびん,,せ
プラスチック製容器包装,接着剤のプラ容器、キャップ,,せ
もえるごみ,接着テープ,,せ
もえないごみ,瀬戸物・瀬戸物の木箱,,せ
粗大ごみ,セミハードケース,,せ
紙製容器包装・がみ,セメントの紙袋(家庭用),,せ
プラスチック製容器包装,セメントのビニール袋(家庭用),,せ
テレビ以外の小型家電,セラミックファンヒーター(家電),,せ
もえないごみ,セラミック包丁,,せ
プラスチック製容器包装,ゼリー飲料の容器(アルミパウチ),,せ
紙製容器包装・がみ,ゼリーの素の紙の箱など,,せ
紙製容器包装・がみ,ゼリーの複数個パックの台紙,,せ
プラスチック製容器包装,ゼリーの複数個パックのプラ包装,,せ
プラスチック製容器包装,ゼリーのプラ容器とふた,,せ
もえないごみ,セル画,,せ
もえないごみ,セルクル(調理用品),,せ
もえないごみ,セロハン紙,,せ
もえないごみ,セロハンシート,,せ
もえないごみ,セロハンテープ(剥がしたもの),,せ
もえないごみ,セロハンテープカッター・台・金具,,せ
紙製容器包装・がみ,セロハンテープの紙の箱・芯,,せ
プラスチック製容器包装,セロハンテープのプラ包装,,せ
プラスチック製容器包装,洗顔フォームのチューブ、キャップ,,せ
もえるごみ,線香(使用済みの灰),,せ
危険ごみ,線香(未使用),,せ
プラスチック製容器包装,洗口液のボトル、キャップ,,せ
もえないごみ,線香立て,,せ
テレビ以外の小型家電,センサーマット(小型家電),,せ
テレビ以外の小型家電,センサーライト(小型家電),,せ
紙製容器包装・がみ,洗剤(紙の箱),,せ
プラスチック製容器包装,洗剤(紙の箱のプラの取っ手),,せ
かん,洗剤(金属の容器),,せ
もえないごみ,洗剤(計量カップ、計量スプーン),,せ
プラスチック製容器包装,洗剤(詰替え商品のパック),,せ
プラスチック製容器包装,洗剤(トリガーキャップ),,せ
プラスチック製容器包装,洗剤(ボトル、キャップ),,せ
テレビ以外の小型家電,洗浄機(小型家電),,せ
粗大ごみ,センターテーブル,,せ
もえないごみ,洗濯板,,せ
もえないごみ,洗濯かご,,せ
もえないごみ,洗濯機カバー,,せ
粗大ごみ,洗濯機台,,せ
粗大ごみ,洗濯機防水パン,,せ
もえないごみ,洗濯バサミ,,せ
もえないごみ,洗濯紐(ひも),,せ
もえないごみ,洗濯用ネット,,せ
もえないごみ,洗濯リング,,せ
家庭の枝・木くず,剪定チップ,,せ
もえないごみ,栓抜き,,せ
テレビ以外の小型家電,扇風機(小型家電),,せ
もえるごみ,扇風機のカバー,,せ
もえないごみ,千枚通し,,せ
もえないごみ,洗面器,,せ
粗大ごみ,洗面化粧台,,せ
もえるごみ,造花,,そ
もえないごみ,双眼鏡,,そ
もえるごみ,ぞうきん,,そ
もえないごみ,象牙,,そ
プラスチック製容器包装,惣菜(油の吸水シート),,そ
プラスチック製容器包装,惣菜(おかず小分け用プラ容器),,そ
紙製容器包装・がみ,惣菜(紙の容器、包装紙),,そ
もえるごみ,惣菜(残飯),,そ
プラスチック製容器包装,惣菜(たれなどの使用済パック),,そ
もえるごみ,惣菜(たれなどの未使用パック),,そ
もえないごみ,惣菜(つまようじ),,そ
もえないごみ,惣菜(バラン・仕切り),,そ
プラスチック製容器包装,惣菜(プラスチック容器、ふた),,そ
紙製容器包装・がみ,惣菜(まんじゅうの敷き紙),,そ
紙製容器包装・がみ,惣菜(未使用の紙おしぼり),,そ
紙製容器包装・がみ,惣菜(未使用の紙ナプキン),,そ
家庭の枝・木くず,惣菜(木製の割りばし),,そ
もえるごみ,惣菜(汚れた紙おしぼり),,そ
紙製容器包装・がみ,惣菜(割りばしの紙の包装),,そ
プラスチック製容器包装,惣菜(割りばしのプラの包装),,そ
テレビ以外の小型家電,掃除機(小型家電),,そ
粗大ごみ,掃除機スタンド,,そ
もえるごみ,掃除シート,,そ
プラスチック製容器包装,掃除シートのプラ容器、ふたなど,,そ
もえるごみ,掃除棒,,そ
紙製容器包装・がみ,贈答品の紙箱、ふた,,そ
紙製容器包装・がみ,贈答品の中仕切り、上げ底,,そ
紙製容器包装・がみ,贈答品ののし紙,,そ
テレビ以外の小型家電,送風機(小型家電),,そ
紙製容器包装・がみ,そうめんの紙の包装、胴巻き,,そ
もえないごみ,そうめんの木箱,,そ
プラスチック製容器包装,そうめんのプラスチックの包装,,そ
もえないごみ,草履,,そ
もえないごみ,ソーサー,,そ
プラスチック製容器包装,ソースのボトルとキャップ,,そ
プラスチック製容器包装,ソースのミニパック(使用済),,そ
もえるごみ,ソースのミニパック(未使用),,そ
もえないごみ,ソースポット,,そ
もえないごみ,ソーセージのパックの金具,,そ
プラスチック製容器包装,ソーセージのプラスチックパック,,そ
もえないごみ,ソーダサイフォン,,そ
もえないごみ,ソーチェーン,,そ
テレビ以外の小型家電,ソーラー充電器(小型家電),,そ
テレビ以外の小型家電,ソーラーライト(小型家電),,そ
もえないごみ,ソケット,,そ
もえないごみ,ソケットレンチ(工具),,そ
もえないごみ,底砂(水槽用),,そ
もえるごみ,ソックス,,そ
プラスチック製容器包装,ソックタッチの容器とキャップ,,そ
テレビ以外の小型家電,外付ハードディスクドライブ,,そ
もえないごみ,そば打ち機(非電気式),,そ
粗大ごみ,ソファー,,そ
きれいな古繊維,ソファーカバー,,そ
粗大ごみ,ソファーテーブル,,そ
もえないごみ,ソフトバレーボール,,そ
もえないごみ,ソフトボール,,そ
もえないごみ,ソフトワイヤー,,そ
粗大ごみ,そり,,そ
もえないごみ,そろばん,,そ
もえないごみ,ダーツの矢,,た
もえないごみ,ダーツボード,,た
きれいな古繊維,タートルネック,,た
きれいな古繊維,ターバン,,た
粗大ごみ,タープ,,た
もえないごみ,ターボタイマー,,た
テレビ以外の小型家電,ターミナルアダプタ(小型家電),,た
テレビ以外の小型家電,ターンテーブル(音楽),,た
もえないごみ,ターンテーブル(電子レンジ),,た
もえないごみ,タイエットベルト(非電気式),,た
テレビ以外の小型家電,ダイエットマシン(小型家電),,た
もえないごみ,ダイエットマシン(非電気式),,た
危険ごみ,体温計(水銀体温計),,た
テレビ以外の小型家電,体温計(測定用小型家電),,た
粗大ごみ,耐火金庫(家庭用),,た
粗大ごみ,太鼓(大きな太鼓),,た
もえないごみ,太鼓(小太鼓・でんでん太鼓),,た
もえないごみ,太鼓(ばち),,た
もえるごみ,大根(加熱したもの),,た
キッチンの油と貝殻と調理くず,大根(皮、葉),,た
もえるごみ,大根(漬物の食べ残し),,た
テレビ以外の小型家電,体脂肪計,,た
粗大ごみ,台車(家庭用),,た
テレビ以外の小型家電,体重計,,た
もえないごみ,耐震マット,,た
もえるごみ,タイツ,,た
もえないごみ,台所マット,,た
きれいな古繊維,タイトスカート,,た
粗大ごみ,ダイニングチェア,,た
粗大ごみ,ダイニングテーブル,,た
もえないごみ,耐熱ガラス製品,,た
テレビ以外の小型家電,台秤(電気式),,た
もえないごみ,台秤(非電気式),,た
もえないごみ,ダイビングジャケット,,た
もえるごみ,台拭き(使用済),,た
きれいな古繊維,台拭き(未使用品),,た
テレビ以外の小型家電,タイプライター,,た
テレビ以外の小型家電,タイマー時計,,た
危険ごみ,タイマー時計の電池,,た
もえないごみ,タイヤカバー(自転車用),,た
もえないごみ,タイヤカバー(自動車用),,た
もえないごみ,タイヤチェーン・チェーンケース,,た
もえないごみ,タイヤチューブ(自転車),,た
紙製容器包装・がみ,耐油紙(汚れていないもの),,た
もえるごみ,耐油紙(汚れているもの),,た
もえないごみ,太陽電池パネル(工作用),,た
家庭の枝・木くず,大量のごみ(5束以内の枝等),,た
家庭の枝・木くず,大量のごみ(5袋以内の雑草),,た
もえないごみ,タイル,,た
もえないごみ,タイルカーペット,,た
紙製容器包装・がみ,ダイレクトメール(紙製の封筒),,た
紙製容器包装・がみ,ダイレクトメール(チラシ),,た
紙製容器包装・がみ,ダイレクトメール(葉書),,た
もえないごみ,ダイレクトメール(封筒の窓),,た
もえないごみ,ダイレクトメール(プラ製封筒),,た
粗大ごみ,ダウンケット,,た
きれいな古繊維,ダウンコート,,た
きれいな古繊維,ダウンジャケット・ダウンベスト,,た
テレビ以外の小型家電,ダウンライト(照明),,た
きれいな古繊維,タオル,,た
もえるごみ,タオル(身体洗い用),,た
きれいな古繊維,タオルキャップ,,た
きれいな古繊維,タオルケット,,た
きれいな古繊維,タオルシーツ,,た
もえないごみ,タオルハンガー,,た
きれいな古繊維,タオルハンカチ,,た
もえないごみ,タオルホルダー,,た
もえないごみ,タオル入れ,,た
粗大ごみ,高枝切りバサミ,,た
もえないごみ,抱き枕,,た
紙製容器包装・がみ,卓上カレンダー(紙),,た
もえないごみ,卓上カレンダー(金属、プラ部分),,た
もえないごみ,卓上コンロ,,た
テレビ以外の小型家電,卓上スタンド,,た
危険ごみ,卓上スタンドの電球・蛍光管,,た
テレビ以外の小型家電,卓上掃除機,,た
もえないごみ,卓上鍋,,た
もえないごみ,卓上ホルダー(携帯電話用),,た
もえないごみ,ダクトホース,,た
粗大ごみ,ダクトレール,,た
もえるごみ,宅配便に荷物(複写式伝票),,た
紙製容器包装・がみ,宅配便の荷物(紙容器),,た
もえるごみ,宅配便の荷物(ガムテープ),,た
もえないごみ,宅配便の荷物(結束バンド),,た
ダンボール,宅配便の荷物(ダンボール),,た
もえるごみ,宅配便の荷物(ビニール),,た
プラスチック製容器包装,宅配便の荷物(プラの包材),,た
もえないごみ,宅配便の荷物(プラの包装),,た
もえないごみ,タグピン,,た
もえないごみ,タグファスナー,,た
粗大ごみ,竹馬,,た
もえないごみ,竹串,,た
プラスチック製容器包装,竹串のプラスチックパック,,た
もえないごみ,竹シーツ・竹製マット,,た
もえないごみ,竹筒・竹踏み,,た
もえるごみ,たけの子の皮、食べ残し,,た
プラスチック製容器包装,たけの子の水煮のプラパック,,た
もえないごみ,竹ひご,,た
プラスチック製容器包装,竹ひごのプラスチックパック,,た
粗大ごみ,竹ぼうき,,た
もえないごみ,凧,,た
もえないごみ,凧糸,,た
テレビ以外の小型家電,たこ焼き器,,た
もえるごみ,だし(出汁)パック,,た
もえないごみ,ダスター(拭き掃除用),,た
もえないごみ,タッカー(工具・非電気式),,た
テレビ以外の小型家電,タッカー(電動工具),,た
もえないごみ,卓球ボール,,た
もえないごみ,卓球ラケット・卓球ラバー,,た
紙製容器包装・がみ,タックインデックスのインデックス,,た
紙製容器包装・がみ,タックインデックスのシール台紙,,た
プラスチック製容器包装,タックインデックスのフィルム,,た
もえないごみ,タックルボックス(釣り用),,た
きれいな古繊維,抱っこひも,,た
もえないごみ,脱酸素剤,,た
もえるごみ,脱脂綿,,た
テレビ以外の小型家電,脱臭機,,た
もえるごみ,脱臭剤(中身),,た
プラスチック製容器包装,脱臭剤(プラスチック容器など),,た
粗大ごみ,脱水機(大型家電),,た
もえるごみ,タッセル(アクセサリ),,た
もえないごみ,タッチペン,,た
もえないごみ,タッパー(食品保存用),,た
テレビ以外の小型家電,タップ,,た
もえるごみ,タップパンツ(下着),,た
きれいな古繊維,ダッフルコート(衣類),,た
テレビ以外の小型家電,脱毛器(美容用小型家電),,た
紙製容器包装・がみ,たとう紙(和服用),,た
粗大ごみ,棚,,た
もえないごみ,棚板,,た
プラスチック製容器包装,タバコ(外装フィルム),,た
もえないごみ,タバコ(加熱式タバコ),,た
紙製容器包装・がみ,タバコ(紙容器と銀紙),,た
もえるごみ,タバコ(吸いがら),,た
もえるごみ,足袋,,た
もえないごみ,ダブルクリップ,,た
プラスチック製容器包装,タブレット菓子のケース,,た
テレビ以外の小型家電,タブレット型端末,,た
もえないごみ,タブレット型端末・PC用ケース,,た
テレビ以外の小型家電,タブレットパソコン,,た
もえないごみ,タペストリー,,た
紙製容器包装・がみ,卵(紙のケース),,た
キッチンの油と貝殻と調理くず,卵(殻),,た
プラスチック製容器包装,卵(プラスチックケース),,た
もえるごみ,卵(白身と黄身),,た
キッチンの油と貝殻と調理くず,玉ねぎ(皮),,た
もえないごみ,玉暖簾,,た
粗大ごみ,たも網(釣り用など),,た
もえないごみ,たらい,,た
粗大ごみ,樽,,た
もえないごみ,だるま,,た
もえないごみ,ダルマ画鋲,,た
使えるくつ・かばん,ダレスバッグ(汚損なし),,た
かん,たれの金属の缶、ふた,,た
びん,たれのびん,,た
プラスチック製容器包装,たれのプラボトル、キャップなど,,た
プラスチック製容器包装,たれのミニパック(使用済),,た
もえるごみ,たれのミニパック(未使用),,た
プラスチック製容器包装,タレビン(弁当などのプラ容器),,た
もえないごみ,たわし,,た
もえないごみ,単眼鏡,,た
きれいな古繊維,タンクトップ,,た
雑誌,単行本,,た
もえないごみ,団子の串,,た
プラスチック製容器包装,団子のプラパック,,た
紙製容器包装・がみ,短冊,,た
粗大ごみ,段差スロープ,,た
もえないごみ,炭酸ガスカートリッジ,,た
粗大ごみ,たんす,,た
もえないごみ,タンスシート,,た
もえないごみ,丹前,,た
もえないごみ,丹前毛布(着るタイプの毛布),,た
もえないごみ,断熱シート,,た
もえないごみ,タンバリン(楽器),,た
粗大ごみ,ダンプ(除雪用),,た
もえないごみ,タンブラー,,た
もえないごみ,ダンベル(健康用具),,た
ダンボール,ダンボール,,た
もえないごみ,ダンボール(金具),,た
紙製容器包装・がみ,ダンボール(緩衝材の紙くず),,た
もえないごみ,ダンボール(結束バンド),,た
もえないごみ,ダンボール(細かな発泡の玉),,た
プラスチック製容器包装,ダンボール(商品固定用の発泡),,た
プラスチック製容器包装,ダンボール(商品保護用のプラ),,た
紙製容器包装・がみ,ダンボール(取扱説明書など),,た
もえるごみ,ダンボール(ビニールテープ),,た
もえるごみ,ダンボール(ビニールのガムテ),,た
もえるごみ,ダンボール(複写式伝票),,た
プラスチック製容器包装,ダンボール(保証書のプラ包装),,た
もえないごみ,反物,,た
もえないごみ,チーク(鏡付き),,ち
プラスチック製容器包装,チーク(鏡なし),,ち
もえないごみ,チーズおろし(チーズグレーター),,ち
紙製容器包装・がみ,チーズの紙の外箱,,ち
もえるごみ,チーズの包み紙,,ち
プラスチック製容器包装,チーズのプラ包装,,ち
きれいな古繊維,チェアカバー(布製),,ち
きれいな古繊維,チェアマット,,ち
もえないごみ,チェーンアクセサリー,,ち
危険ごみ,チェーンクリーナーのスプレー缶,,ち
プラスチック製容器包装,チェーンクリーナーのプラ容器,,ち
テレビ以外の小型家電,チェーンソー(電動工具・DIY用),,ち
きれいな古繊維,チェスターコート,,ち
粗大ごみ,チェスト,,ち
もえるごみ,チェストリグ,,ち
もえないごみ,チェス盤,,ち
もえないごみ,知恵の輪,,ち
粗大ごみ,チェロ(楽器・ケース),,ち
もえないごみ,地球儀,,ち
もえないごみ,蓄音機,,ち
もえるごみ,竹炭の燃えがら,,ち
プラスチック製容器包装,ちくわのプラパック,,ち
テレビ以外の小型家電,地上デジタルチューナー,,ち
もえないごみ,地図(お風呂に貼る世界地図),,ち
紙製容器包装・がみ,地図(紙の地図),,ち
雑誌,地図帳,,ち
プラスチック製容器包装,チップスターのプラキャップ,,ち
紙製容器包装・がみ,チップスターの容器のがわ,,ち
かん,チップスターの容器の底,,ち
もえないごみ,チップソー(工具),,ち
きれいな古繊維,チノパンツ,,ち
紙製容器包装・がみ,茶(内側が銀色の紙パック),,ち
紙パック,茶(内側が白い色の紙パック),,ち
かん,茶(スチール缶・アルミ缶),,ち
かん,茶(茶葉の缶とふた),,ち
プラスチック製容器包装,茶(ティーバッグの外装フィルム),,ち
もえるごみ,茶(ティーバッグの茶葉入りバッグ),,ち
紙製容器包装・がみ,茶(ティーバッグの包装紙、台紙),,ち
プラスチック製容器包装,茶(粉末商品のプラの袋),,ち
プラスチック製容器包装,茶(粉末商品のプラのふた),,ち
ペットボトル,茶(ペットボトル),,ち
プラスチック製容器包装,茶(ペットボトルのキャップ),,ち
もえないごみ,チャイルドガード(自転車用),,ち
粗大ごみ,チャイルドガード(赤ちゃん用),,ち
粗大ごみ,チャイルドシート(車内安全用),,ち
もえないごみ,茶釜,,ち
もえるごみ,茶殻・茶葉,,ち
きれいな古繊維,茶巾(汚れていないもの),,ち
もえるごみ,茶巾入れ・汚れている茶巾,,ち
もえないごみ,茶托,,ち
粗大ごみ,茶箪笥(ちゃだんす),,ち
危険ごみ,着火剤(不要となったもの),,ち
プラスチック製容器包装,着火剤(プラスチックパック),,ち
危険ごみ,着火ライター(アウトドア用),,ち
もえないごみ,茶筒,,ち
きれいな古繊維,チャップス,,ち
もえないごみ,茶櫃(ちゃひつ),,ち
粗大ごみ,ちゃぶ台,,ち
もえないごみ,茶碗,,ち
もえるごみ,ちゃんちゃんこ,,ち
もえないごみ,チャンピオンリング(アクセサリ),,ち
もえないごみ,中華鍋,,ち
テレビ以外の小型家電,チューナー,,ち
テレビ以外の小型家電,チューニングメーター,,ち
粗大ごみ,チューバ(楽器・ケース),,ち
かん,チューハイのアルミ缶,,ち
もえないごみ,チューブ(健康用具),,ち
もえないごみ,チューブスタンド(調味料立て),,ち
きれいな古繊維,チューブトップ,,ち
紙製容器包装・がみ,チューブファイル(紙の部分),,ち
もえないごみ,チューブファイル(留め具),,ち
きれいな古繊維,チュチュ,,ち
きれいな古繊維,チュニック,,ち
テレビ以外の小型家電,超音波洗浄機,,ち
テレビ以外の小型家電,調光器,,ち
もえないごみ,彫刻刀,,ち
もえないごみ,銚子,,ち
粗大ごみ,彫像,,ち
テレビ以外の小型家電,超短波治療器,,ち
もえないごみ,提灯,,ち
テレビ以外の小型家電,調乳ポット(電気式),,ち
もえないごみ,調乳ポット(非電気式),,ち
もえないごみ,蝶ネクタイ,,ち
もえないごみ,蝶番,,ち
プラスチック製容器包装,調味料(使用済のミニパック),,ち
びん,調味料(びん),,ち
プラスチック製容器包装,調味料(プラボトル、包装),,ち
ペットボトル,調味料(ペットボトル),,ち
プラスチック製容器包装,調味料(ペットボトルのキャップ),,ち
もえるごみ,調味料(未開封のミニパック),,ち
かん,調味料(缶),,ち
もえないごみ,調味料入れ,,ち
キッチンの油と貝殻と調理くず,調理くず,,ち
粗大ごみ,調理用のし台,,ち
もえないごみ,チョーカー(アクセサリ),,ち
もえないごみ,チョーク(ビリヤード用品),,ち
もえないごみ,チョークライン(工具･DIY用),,ち
もえないごみ,貯金箱,,ち
もえないごみ,猪口,,ち
新聞,チラシ(新聞の折込チラシ),,ち
紙製容器包装・がみ,チラシ(新聞の折込以外のチラシ),,ち
紙製容器包装・がみ,ちり紙(紙容器),,ち
プラスチック製容器包装,ちり紙(紙容器の取出口フィルム),,ち
もえるごみ,ちり紙(汚れたちり紙),,ち
もえないごみ,ちりとり,,ち
きれいな古繊維,縮緬(ちりめん),,ち
もえないごみ,チルドカップ商品(ストロー),,ち
プラスチック製容器包装,チルドカップ商品(ストローの包装),,ち
プラスチック製容器包装,チルドカップ商品(プラ容器とふた),,ち
粗大ごみ,陳列棚(家庭用),,ち
粗大ごみ,衝立(ついたて),,つ
きれいな古繊維,ツインニット,,つ
紙製容器包装・がみ,通信教育(参考書),,つ
紙製容器包装・がみ,通信教育(ダイレクトメールの封筒),,つ
もえないごみ,通信教育(ダイレクトメールの包装),,つ
紙製容器包装・がみ,通信教育(テスト用紙),,つ
紙製容器包装・がみ,通信教育(教材・答案入り封筒),,つ
プラスチック製容器包装,通信教育(教材･答案のプラ包装),,つ
紙製容器包装・がみ,通信販売(厚紙の容器),,つ
紙製容器包装・がみ,通信販売(紙の包装や袋),,つ
もえないごみ,通信販売(結束バンド),,つ
プラスチック製容器包装,通信販売(梱包材のプラ包装),,つ
ダンボール,通信販売(ダンボール),,つ
もえるごみ,通信販売(ビニールテープ),,つ
もえるごみ,通信販売(ビニールのガムテープ),,つ
もえるごみ,通信販売(複写式の宅配伝票),,つ
粗大ごみ,杖,,つ
テレビ以外の小型家電,使い切り充電器,,つ
テレビ以外の小型家電,使い切り充電器の電池,,つ
もえないごみ,使い捨てカメラ,,つ
危険ごみ,使い捨てライター,,つ
粗大ごみ,机(家庭用),,つ
びん,佃煮のびん詰め,,つ
かん,佃煮のびん詰めの金属ふた,,つ
プラスチック製容器包装,佃煮のプラスチックパック,,つ
もえないごみ,付け下げ,,つ
もえるごみ,つけまつげ,,つ
もえないごみ,漬物石・漬物容器,,つ
粗大ごみ,漬物樽,,つ
もえるごみ,漬物の食べ残し,,つ
プラスチック製容器包装,漬物のプラパック、容器,,つ
プラスチック製容器包装,土(培養土など)の袋,,つ
もえないごみ,土壁(剥がれてしまったもの),,つ
粗大ごみ,つっぱり棒・つっぱり棚,,つ
紙製容器包装・がみ,包み紙(汚れていないもの),,つ
粗大ごみ,つづら,,つ
もえるごみ,綴りひも(30cm未満の短いひも),,つ
もえないごみ,綴りひも(30cm以上の長いひも),,つ
きれいな古繊維,つなぎ(きれいなオールシーズン用),,つ
もえないごみ,つなぎ(汚れたオールシーズン用),,つ
もえないごみ,つなぎ(子供の冬服),,つ
粗大ごみ,角(ごみとして拾った動物の角),,つ
キッチンの油と貝殻と調理くず,ツブの貝殻,,つ
もえないごみ,壺(つぼ),,つ
もえないごみ,つぼ押し,,つ
プラスチック製容器包装,爪楊枝(プラスチックの容器とふた),,つ
もえないごみ,爪楊枝(木製・プラ製),,つ
もえないごみ,爪楊枝入れ,,つ
もえないごみ,積み木,,つ
プラスチック製容器包装,詰め替えインクのボトル,,つ
もえないごみ,爪切り,,つ
もえないごみ,爪とぎ・爪磨き・爪やすり,,つ
もえないごみ,釣り糸・釣り針,,つ
粗大ごみ,釣り竿・釣り竿ケース,,つ
粗大ごみ,釣り竿立て(ロットホルダー),,つ
テレビ以外の小型家電,吊り下げ灯(ベンダントライト),,つ
粗大ごみ,つるはし,,つ
きれいな古繊維,ティアードスカート,,て
もえないごみ,ティアラ(アクセサリ),,て
もえないごみ,DIY用品(非電気式),,て
テレビ以外の小型家電,DIY用品(電気式),,て
テレビ以外の小型家電,DATプレーヤー・レコーダー,,て
テレビ以外の小型家電,DS(ゲーム機・電池は危険ごみ),,て
もえないごみ,ティーカップ,,て
もえないごみ,ティーサーバー,,て
きれいな古繊維,Tシャツ,,て
もえないごみ,ティースプーン,,て
プラスチック製容器包装,ティーバッグ(外装フィルム),,て
紙製容器包装・がみ,ティーバッグ(個包装紙、台紙),,て
もえるごみ,ティーバッグ(茶葉入りバッグ),,て
テレビ以外の小型家電,DVDディスクドライブ,,て
プラスチック製容器包装,DVDの外装フィルム,,て
紙製容器包装・がみ,DVDの紙のラベル、箱、歌詞本,,て
もえないごみ,DVDのディスク・ケース,,て
テレビ以外の小型家電,DVDプレーヤー・レコーダー,,て
テレビ以外の小型家電,DVDライター,,て
もえないごみ,ティーポット,,て
テレビ以外の小型家電,ティーメーカー,,て
テレビ以外の小型家電,低温調理機器,,て
もえないごみ,定期入れ,,て
もえないごみ,定期券(紙製以外のカード),,て
紙製容器包装・がみ,定期券(紙製のカード),,て
テレビ以外の小型家電,低周波治療器,,て
紙製容器包装・がみ,ディスクジャケット(CDなど紙容器),,て
テレビ以外の小型家電,ディスクチェンジャー,,て
テレビ以外の小型家電,ディスクプレーヤー,,て
もえないごみ,ディスクペーパー(工具･DIY用),,て
テレビ以外の小型家電,ディスプレイ,,て
プラスチック製容器包装,ディスプレイ購入時の表面フィルム,,て
もえないごみ,ディスプレイフィルター,,て
もえないごみ,ディスペンサー(シャンプー入れ等),,て
もえないごみ,ディスポーザー,,て
プラスチック製容器包装,ティッシュ(購入した商品の包装),,て
もえないごみ,ティッシュ(もらったティッシュの包装),,て
もえないごみ,ティッシュケース,,て
もえるごみ,ティッシュペーパー,,て
紙製容器包装・がみ,ティッシュペーパー(紙の容器),,て
プラスチック製容器包装,ティッシュペーパー(取出フィルム),,て
もえないごみ,ディナーナイフ,,て
もえないごみ,ディナーベル,,て
もえないごみ,ディバイダー(アクリルの仕切り箱),,て
粗大ごみ,ディバイダー(本棚など),,て
使えるくつ・かばん,デイバック(汚損なし),,て
もえるごみ,定量噴霧式吸入器,,て
もえないごみ,データスタンプ,,て
紙製容器包装・がみ,テープ(紙製のテープ),,て
もえるごみ,テープ(治療用のテープ),,て
もえないごみ,テープカートリッジ(テプラなど),,て
もえないごみ,テープカッター,,て
テレビ以外の小型家電,テープデッキ・テープドライブ,,て
もえないごみ,テープのり,,て
粗大ごみ,テーブル,,て
テレビ以外の小型家電,テーブル置型灯(テーブルスタンド),,て
もえるごみ,テーブルクロス,,て
もえないごみ,テーブルクロス(ビニール製),,て
テレビ以外の小型家電,テーブルスタンド(照明),,て
もえないごみ,テーブルスプーン,,て
もえないごみ,テーブルマット(ビニール製),,て
テレビ以外の小型家電,テープレコーダー,,て
きれいな古繊維,テーラードジャケット,,て
もえないごみ,テールライト(自転車のライト),,て
もえないごみ,手押し車(子供のおもちゃ),,て
粗大ごみ,手押し車(荷物運搬用),,て
もえないごみ,手鏡,,て
もえないごみ,手形スタンプ,,て
紙製容器包装・がみ,手紙,,て
もえないごみ,手絡(てがら),,て
もえないごみ,デキャンタ,,て
もえるごみ,デコレーションケーキ(アルミ),,て
紙製容器包装・がみ,デコレーションケーキ(紙容器),,て
プラスチック製容器包装,デコレーションケーキ(プラフィルム),,て
もえないごみ,デザートスプーン・デザートフォーク,,て
もえないごみ,デザインナイフ,,て
もえないごみ,手提げ金庫,,て
もえないごみ,手提げホルダー(袋の持ち手),,て
テレビ以外の小型家電,デジタルオーディオプレーヤー,,て
テレビ以外の小型家電,デジタルカメラ,,て
危険ごみ,デジタルカメラ(電池),,て
テレビ以外の小型家電,デジタルカメラ(ファインダー),,て
もえないごみ,デジタルカメラ(防水ケース),,て
もえないごみ,デジタルカメラ(保管ケース）,,て
もえないごみ,デジタルカメラ(レンズ),,て
テレビ以外の小型家電,デジタルはかり(料理用など),,て
テレビ以外の小型家電,デジタルビデオカメラ,,て
もえないごみ,デジタルビデオカメラ(三脚),,て
もえないごみ,デジタルビデオカメラ(保管ケース),,て
テレビ以外の小型家電,デジタルフォトフレーム,,て
テレビ以外の小型家電,デジタル歩数計,,て
テレビ以外の小型家電,デスクトップパソコン(家庭用),,て
もえないごみ,デスクマット(家庭用),,て
もえないごみ,テスター(工具･DIY用),,て
紙製容器包装・がみ,テストのプリント,,て
粗大ごみ,手すり(自分で取り外したもの),,て
紙製容器包装・がみ,手帳,,て
もえないごみ,手帳カバー,,て
もえないごみ,鉄アレイ,,て
もえないごみ,鉄器・鉄球,,て
使えるくつ・かばん,デッキシューズ(汚損、臭いなし),,て
粗大ごみ,デッキチェア,,て
もえないごみ,デッキパネル,,て
粗大ごみ,デッキブラシ,,て
もえないごみ,鉄くず(家庭の鉄くず),,て
もえるごみ,手甲(バスケ用など),,て
粗大ごみ,鉄柵(自分で解体したもの),,て
粗大ごみ,鉄パイプ,,て
粗大ごみ,鉄板(家庭で不要になったもの),,て
もえないごみ,鉄瓶,,て
粗大ごみ,鉄棒(家庭用),,て
使えるくつ・かばん,テニスキャップ(汚損なし),,て
もえないごみ,テニスボール,,て
もえないごみ,テニスボールのケース,,て
もえないごみ,テニスラケット・ラケットケース,,て
きれいな古繊維,デニムシャツ,,て
きれいな古繊維,デニムスカート,,て
きれいな古繊維,デニムパンツ,,て
もえるごみ,手ぬぐい,,て
もえるごみ,手羽先の骨、肉の残り,,て
もえるごみ,手袋(ウインタースポーツ用),,て
もえるごみ,手袋(汚損しているもの),,て
もえるごみ,手袋(片方だけのもの),,て
きれいな古繊維,手袋(左右揃いまだ使えるもの),,て
テレビ以外の小型家電,テプラ(印字用家電),,て
もえないごみ,テプラカートリッジ,,て
きれいな古繊維,テレコ(生地),,て
テレビ以外の小型家電,テレビ(車載用液晶テレビ),,て
テレビ以外の小型家電,テレビ(充電式携帯用液晶テレビ),,て
テレビ以外の小型家電,テレビ(電池式携帯用液晶テレビ),,て
テレビ以外の小型家電,テレビ(浴室用液晶テレビ),,て
もえないごみ,テレビ回転台,,て
粗大ごみ,テレビスタンド,,て
粗大ごみ,テレビ台,,て
テレビ以外の小型家電,テレビ電話,,て
テレビ以外の小型家電,電圧計,,て
テレビ以外の小型家電,電圧変換機,,て
テレビ以外の小型家電,電位治療器,,て
テレビ以外の小型家電,電気アイロン,,て
テレビ以外の小型家電,電気圧力なべ(家庭用),,て
テレビ以外の小型家電,電気あんか,,て
テレビ以外の小型家電,電気オーブン,,て
粗大ごみ,電気温水器(家庭用),,て
テレビ以外の小型家電,電気温風暖房器(家庭用),,て
テレビ以外の小型家電,電気カーペット,,て
テレビ以外の小型家電,電気カイロ,,て
テレビ以外の小型家電,電気カミソリ,,て
テレビ以外の小型家電,電気かみそり洗浄機,,て
もえないごみ,電気カミソリの収納ケース,,て
もえないごみ,電気カミソリの刃,,て
テレビ以外の小型家電,電気かんな(工具･DIY用),,て
粗大ごみ,電気給湯器,,て
テレビ以外の小型家電,電気ケトル,,て
テレビ以外の小型家電,電気コード,,て
テレビ以外の小型家電,電気こて,,て
テレビ以外の小型家電,電気コンロ(家庭用),,て
テレビ以外の小型家電,電気魚焼き器,,て
テレビ以外の小型家電,電気シェーバー,,て
テレビ以外の小型家電,電気式カイロ(金属製),,て
テレビ以外の小型家電,電気スタンド,,て
テレビ以外の小型家電,電気ストーブ,,て
テレビ以外の小型家電,電気製めん機(家庭用),,て
テレビ以外の小型家電,電気掃除機(家庭用),,て
テレビ以外の小型家電,電気足温器,,て
テレビ以外の小型家電,電気たこ焼き器,,て
テレビ以外の小型家電,電気脱毛器,,て
テレビ以外の小型家電,電気治療器(家庭用),,て
テレビ以外の小型家電,電気なべ(家庭用),,て
テレビ以外の小型家電,電気のこぎり(工具・DIY用),,て
テレビ以外の小型家電,電気バリカン(家庭用),,て
テレビ以外の小型家電,電気パン焼き器,,て
テレビ以外の小型家電,電気フライヤー(家庭用),,て
テレビ以外の小型家電,電気保温びつ,,て
テレビ以外の小型家電,電気ポット,,て
テレビ以外の小型家電,電気マット,,て
粗大ごみ,電気毛布,,て
テレビ以外の小型家電,電気餅つき機,,て
危険ごみ,電球(家庭の使用済電球),,て
もえないごみ,電極パッド,,て
テレビ以外の小型家電,電源アダプター,,て
もえないごみ,電源コードリール,,て
テレビ以外の小型家電,電源ユニット(家庭用),,て
もえないごみ,電光ナイフ(工具･DIY用),,て
テレビ以外の小型家電,電子ヴァイオリン,,て
テレビ以外の小型家電,電子運動器,,て
テレビ以外の小型家電,電子オルガン,,て
テレビ以外の小型家電,電子楽器,,て
テレビ以外の小型家電,電子キーボード,,て
テレビ以外の小型家電,電子ギター,,て
テレビ以外の小型家電,電子血圧計(家庭用),,て
テレビ以外の小型家電,電子式温湿度計,,て
テレビ以外の小型家電,電子辞書・電子手帳,,て
もえないごみ,電子辞書・電子手帳のケース,,て
テレビ以外の小型家電,電子ジャー(家庭用),,て
テレビ以外の小型家電,電子書籍端末,,て
テレビ以外の小型家電,電子体温計,,て
もえないごみ,電子タバコ,,て
テレビ以外の小型家電,電磁調理器,,て
テレビ以外の小型家電,電子ドラム,,て
テレビ以外の小型家電,電子ピアノ,,て
テレビ以外の小型家電,電子美容器,,て
テレビ以外の小型家電,電子ヘルスメーター(家庭用),,て
テレビ以外の小型家電,電子メモパッド,,て
テレビ以外の小型家電,天井直付灯(照明),,て
もえないごみ,電飾置物,,て
もえないごみ,電飾コード,,て
テレビ以外の小型家電,電子レンジ(家庭用),,て
テレビ以外の小型家電,天体望遠鏡,,て
テレビ以外の小型家電,電卓(電池は危険ごみです),,て
もえないごみ,デンタルフロス,,て
プラスチック製容器包装,デンタルフロスのプラ容器、パック,,て
紙製容器包装・がみ,デンタルフロスの容器包装の台紙,,て
プラスチック製容器包装,デンタルリンスの容器とキャップ,,て
危険ごみ,電池,,て
もえないごみ,電池ホルダー,,て
プラスチック製容器包装,電池を複数まとめたシュリンクパック,,て
もえないごみ,でんでん太鼓,,て
粗大ごみ,テント,,て
粗大ごみ,テント・タープ,,て
テレビ以外の小型家電,電動熱燗器(家庭用),,て
テレビ以外の小型家電,電動玩具,,て
テレビ以外の小型家電,電動おろし器(家庭用),,て
危険ごみ,点灯管,,て
テレビ以外の小型家電,電動かんな(工具･DIY用),,て
テレビ以外の小型家電,電動グラインダー(工具･DIY用),,て
テレビ以外の小型家電,電動クリーナー,,て
テレビ以外の小型家電,電動毛抜き(電池は危険ごみ),,て
粗大ごみ,電動耕うん機(家庭用),,て
テレビ以外の小型家電,電動工具(工具･DIY用),,て
テレビ以外の小型家電,電動式シュレッダー(家庭用),,て
テレビ以外の小型家電,電動式ソープディスペンサー,,て
粗大ごみ,電動自転車,,て
テレビ以外の小型家電,電動シャープナー,,て
テレビ以外の小型家電,電動ドライバー(工具･DIY用),,て
テレビ以外の小型家電,電動ドリル(工具･DIY用),,て
テレビ以外の小型家電,電動ナットランナー(工具･DIY用),,て
テレビ以外の小型家電,電動はさみ(工具･DIY用),,て
テレビ以外の小型家電,電動歯ブラシ,,て
テレビ以外の小型家電,電動ハンマー(工具･DIY用),,て
テレビ以外の小型家電,電動ブロワ(園芸用),,て
テレビ以外の小型家電,電動噴霧器(家庭の園芸用),,て
テレビ以外の小型家電,電動マッサージャー,,て
粗大ごみ,テントのポール,,て
粗大ごみ,テントマット,,て
粗大ごみ,天板,,て
びん,点鼻薬(びん),,て
プラスチック製容器包装,点鼻薬(プラ容器、キャップ、ノズル),,て
紙製容器包装・がみ,伝票(家庭で使用した非複写式),,て
もえるごみ,伝票(家庭で使用した複写式),,て
もえないごみ,テンプレート(文房具),,て
紙製容器包装・がみ,電報,,て
もえないごみ,電報(紙以外が付着している物),,て
テレビ以外の小型家電,電話機(親機、子機ともに),,て
もえないごみ,電話機コード,,て
テレビ以外の小型家電,電話機用モジュラーコンセント,,て
粗大ごみ,電話台,,て
雑誌,電話帳,,て
テレビ以外の小型家電,電話モデム,,て
もえないごみ,ドアクローザー・ストッパー・ドアノブ,,と
テレビ以外の小型家電,ドアホン(小型家電),,と
もえないごみ,砥石,,と
もえるごみ,トイレカバー,,と
粗大ごみ,トイレタンク・ふた,,と
トイレに流す,トイレットペーパー,,と
紙製容器包装・がみ,トイレットペーパー(紙の芯),,と
紙製容器包装・がみ,トイレットペーパー(個包装紙),,と
プラスチック製容器包装,トイレットペーパー(プラの外装),,と
もえないごみ,トイレットペーパーホルダー,,と
もえないごみ,トイレブラシなどトイレ掃除用品,,と
もえないごみ,トイレポット,,と
もえないごみ,トイレマット,,と
プラスチック製容器包装,トイレ用置き型洗浄剤の容器,,と
もえるごみ,道着(空手、剣道、柔道),,と
もえないごみ,胴,,と
テレビ以外の小型家電,投光器,,と
もえないごみ,陶磁器,,と
もえないごみ,銅製品,,と
もえないごみ,胴付き,,と
もえないごみ,胴付き長靴,,と
テレビ以外の小型家電,豆乳メーカー(小型家電),,と
もえないごみ,頭皮マッサージ器,,と
もえるごみ,動物の死体(小動物),,と
もえるごみ,動物の抜け毛、トリミングした毛,,と
プラスチック製容器包装,豆腐の容器とふた,,と
もえないごみ,灯油ポンプ,,と
もえないごみ,灯篭(石材以外の屋内用),,と
テレビ以外の小型家電,トースター(調理用小型家電),,と
危険ごみ,トーチ(アウトドア着火用),,と
使えるくつ・かばん,トートバッグ(汚損なし),,と
紙製容器包装・がみ,ドーナツ(紙箱と未使用のナプキン),,と
もえるごみ,ドーナツ(食べ残し),,と
もえないごみ,ドールハウス,,と
粗大ごみ,トーン・ジェネレータ(楽器の家電),,と
テレビ以外の小型家電,特定小電力無線,,と
もえないごみ,戸車,,と
テレビ以外の小型家電,時計(腕時計),,と
テレビ以外の小型家電,時計(置き型),,と
テレビ以外の小型家電,時計(壁掛け),,と
テレビ以外の小型家電,時計(目覚まし時計),,と
もえないごみ,時計のベルト,,と
もえないごみ,とげ抜き,,と
粗大ごみ,登山ポール,,と
もえないごみ,とじひも(30cm以上の長いひも),,と
もえるごみ,とじひも(30cm未満の短いひも),,と
もえるごみ,吐しゃ物,,と
粗大ごみ,戸棚,,と
粗大ごみ,トタン板,,と
使えるくつ・かばん,ドッグタグ(人が使うアクセサリ),,と
かん,ドッグフードの缶詰の缶、ふた,,と
プラスチック製容器包装,ドッグフードのプラスチックパック,,と
もえないごみ,徳利(とっくり),,と
もえないごみ,ドッジボール,,と
粗大ごみ,トッププレート(ガスコンロ),,と
もえないごみ,土鍋,,と
もえないごみ,土のうの袋,,と
粗大ごみ,トノカバー(車内用),,と
粗大ごみ,跳び箱(家庭用),,と
もえないごみ,土瓶,,と
かん,トマト(缶詰の缶、ふた),,と
キッチンの油と貝殻と調理くず,トマトのへた,,と
もえないごみ,ドミノ,,と
もえないごみ,留袖,,と
もえないごみ,トライアングル(楽器),,と
もえないごみ,トライタン(食器),,と
もえないごみ,ドライバー(工具・非電気式),,と
テレビ以外の小型家電,ドライバー(電動工具),,と
もえないごみ,ドライフラワー(草花以外も付着),,と
家庭の枝・木くず,ドライフラワー(草花だけ),,と
もえないごみ,ドライブレコーダー,,と
テレビ以外の小型家電,ドライヤー(整髪用小型家電),,と
もえないごみ,トラベルセットのケース,,と
粗大ごみ,ドラム(楽器),,と
テレビ以外の小型家電,ドラム(電子式の楽器),,と
粗大ごみ,ドラム缶(家庭で使っていたもの),,と
もえないごみ,ドラムスティック,,と
使えるくつ・かばん,ドラムバッグ(汚損なし),,と
粗大ごみ,ドラムマシン(音楽用家電),,と
粗大ごみ,トランク(大型かばん),,と
もえるごみ,トランクス,,と
テレビ以外の小型家電,トランシーバー,,と
テレビ以外の小型家電,トランスフラッシュ(撮影用),,と
テレビ以外の小型家電,トランスミッター(撮影用),,と
紙製容器包装・がみ,トランプ(紙製のトランプと紙の箱),,と
もえないごみ,トランプ(表面がプラでコーティング),,と
もえないごみ,トランプケース(プラスチック製),,と
もえないごみ,トランペット(楽器・ケース),,と
粗大ごみ,トランポリン(家庭用健康器具),,と
紙製容器包装・がみ,取扱説明書の冊子,,と
プラスチック製容器包装,取扱説明書のビニール包装,,と
テレビ以外の小型家電,ドリームキャスト(ドリキャス),,と
もえないごみ,鳥かご,,と
粗大ごみ,鳥かごスタンド,,と
きれいな古繊維,トリコット(生地),,と
もえないごみ,取り皿,,と
きれいな古繊維,ドリズラージャケット,,と
もえないごみ,ドリッパー,,と
プラスチック製容器包装,鶏肉(加工品のプラパック),,と
プラスチック製容器包装,鶏肉(白色トレイと吸水シート),,と
紙製容器包装・がみ,鶏肉(フライドチキンの紙箱),,と
もえないごみ,鶏肉(フライドチキンの爪楊枝),,と
もえるごみ,鶏肉(骨、肉の食べ残し),,と
プラスチック製容器包装,鶏肉(焼肉用冷凍食品のパック),,と
かん,塗料(缶と金属のふた),,と
プラスチック製容器包装,塗料(缶のプラスチックのキャップ),,と
危険ごみ,塗料(スプレー缶),,と
プラスチック製容器包装,塗料(プラスチックのチューブ),,と
びん,塗料(プラモデル用のびん),,と
もえないごみ,ドリル(電動工具の金属棒),,と
テレビ以外の小型家電,ドリルドライバー(電動工具),,と
もえないごみ,ドリルビット(電動工具の金属棒),,と
紙製容器包装・がみ,ドリンクカップ(紙製の容器),,と
プラスチック製容器包装,ドリンクカップ(プラ容器とふた),,と
もえないごみ,トルク(アクセサリ),,と
もえないごみ,トルクレンチ(工具・DIY用),,と
プラスチック製容器包装,トレイ(生鮮食品のトレイ),,と
もえないごみ,トレイ(容器として使うため購入),,と
紙製容器包装・がみ,トレーシングペーパー,,と
きれいな古繊維,トレーナー,,と
使えるくつ・かばん,トレーニングシューズ(臭いなし),,と
もえないごみ,トレーニングボール,,と
きれいな古繊維,ドレス,,と
きれいな古繊維,ドレスシャツ,,と
使えるくつ・かばん,ドレスシューズ(汚損、臭いなし),,と
粗大ごみ,トレッキングポール,,と
粗大ごみ,ドレッサー,,と
びん,ドレッシング(びん),,と
プラスチック製容器包装,ドレッシング(プラキャップと中栓),,と
プラスチック製容器包装,ドレッシング(プラボトル、キャップ),,と
もえるごみ,トレマット,,と
粗大ごみ,トレリス(格子垣),,と
きれいな古繊維,トレンカ,,と
きれいな古繊維,トレンチコート,,と
もえないごみ,トロ箱(魚などの購入時の木箱),,と
プラスチック製容器包装,トロ箱(魚などの購入時の発砲),,と
もえないごみ,トロフィー,,と
粗大ごみ,トロ舟(家庭用）,,と
もえないごみ,泥除け(自転車用品),,と
もえないごみ,泥除けマット,,と
もえないごみ,トロンボーン(楽器・ケース),,と
もえないごみ,トング,,と
もえないごみ,どんぶり,,と
もえないごみ,内装材(自分で剥がしたもの),,な
テレビ以外の小型家電,内臓ドライブ(パソコン機器),,な
もえないごみ,ナイフ,,な
もえないごみ,ナイフスタンド,,な
きれいな古繊維,ナイロンコート,,な
もえないごみ,ナイロンタオル,,な
きれいな古繊維,ナイロンパーカー,,な
きれいな古繊維,ナイロンパンツ,,な
もえないごみ,ナイロンひも,,な
もえないごみ,苗カバー,,な
使えるくつ・かばん,長靴(汚損、臭いなし),,な
もえるごみ,中敷き(インソール),,な
テレビ以外の小型家電,流しそうめん器(小型家電),,な
もえないごみ,流し台シート,,な
テレビ以外の小型家電,流し元灯(照明の小型家電),,な
もえないごみ,長襦袢,,な
きれいな古繊維,長ズボン,,な
粗大ごみ,長火鉢,,な
粗大ごみ,薙刀,,な
キッチンの油と貝殻と調理くず,なしの皮、芯(果物),,な
もえないごみ,鉈(なた),,な
きれいな古繊維,夏掛け布団(薄手に限る),,な
もえるごみ,捺染紙(なっせんし),,な
もえないごみ,ナット,,な
プラスチック製容器包装,納豆(たれの使用済のパック),,な
もえるごみ,納豆(たれの未使用のパック),,な
もえるごみ,納豆(食べ残し),,な
もえるごみ,納豆(汚れている紙の包装),,な
紙製容器包装・がみ,納豆(きれいな紙の包装),,な
もえないごみ,納豆(わらの包装),,な
プラスチック製容器包装,納豆(プラパックとフィルム),,な
もえないごみ,ナット回し(工具･DIY）,,な
使えるくつ・かばん,ナップサック(汚損なし),,な
もえないごみ,名札ケース,,な
テレビ以外の小型家電,鍋(電気式),,な
もえないごみ,鍋・鍋のふた・鍋敷き,,な
もえるごみ,鍋つかみ,,な
もえるごみ,鍋焼きうどんのアルミ容器,,な
紙製容器包装・がみ,生クリームの紙パック,,な
キッチンの油と貝殻と調理くず,生ごみ(加熱していない野菜くず),,な
キッチンの油と貝殻と調理くず,生ごみ(果物の皮・種),,な
もえるごみ,生ごみ(魚の骨・あらなど),,な
もえるごみ,生ごみ(三角コーナーの生ごみ),,な
もえるごみ,生ごみ(残飯、パンくず、麺など),,な
キッチンの油と貝殻と調理くず,生ごみ(卵の殻),,な
もえるごみ,生ごみ(肉、肉の骨など),,な
テレビ以外の小型家電,生ごみ処理機,,な
びん,なめ茸のびん,,な
かん,なめ茸のびんの金属のふた,,な
プラスチック製容器包装,なめ茸のプラスチック容器とふた,,な
もえないごみ,縄,,な
もえないごみ,縄跳び,,な
粗大ごみ,縄ばしご,,な
もえないごみ,握り寿司の中仕切り(バラン),,に
もえないごみ,肉たたき(調理用具),,に
プラスチック製容器包装,肉のトレイ、ラップ、吸水シート,,に
もえるごみ,肉の骨、脂、食べ残し,,に
紙製容器包装・がみ,肉まんの敷き紙,,に
プラスチック製容器包装,肉まんのプラスチック包装,,に
もえないごみ,二穴バインダー・二穴ホルダー,,に
もえないごみ,荷締機(家庭用),,に
テレビ以外の小型家電,24時間風呂(水のろ過装置),,に
粗大ごみ,二段ベッド(分解したもの),,に
きれいな古繊維,ニッカーボッカーズ,,に
紙製容器包装・がみ,日記帳,,に
危険ごみ,ニッケル電池,,に
きれいな古繊維,ニット,,に
もえないごみ,ニッパー(工具･DIY）,,に
もえるごみ,ニップレス,,に
もえないごみ,荷紐,,に
紙製容器包装・がみ,乳飲料(内側が銀色の紙パック),,に
紙パック,乳飲料(内側が白い紙パック),,に
かん,乳飲料(缶),,に
びん,乳飲料(びん),,に
プラスチック製容器包装,乳飲料(プラのキャップ）,,に
プラスチック製容器包装,乳飲料(プラ容器とキャップ),,に
ペットボトル,乳飲料(ペットボトル),,に
もえるごみ,乳飲料(ヤクルト等のアルミのふた),,に
紙製容器包装・がみ,乳液の紙製の容器、説明書,,に
びん,乳液のびん,,に
プラスチック製容器包装,乳液のプラスチック容器、キャップ,,に
紙製容器包装・がみ,入浴剤の紙製の箱、包装紙,,に
かん,入浴剤の缶,,に
プラスチック製容器包装,入浴剤のプラスチックボトル、ふた,,に
もえるごみ,尿取りパッド,,に
紙製容器包装・がみ,尿取りパッドの紙の箱,,に
紙製容器包装・がみ,尿取りパッドのプラ包装,,に
家庭の枝・木くず,庭木(家庭の庭木の枝),,に
家庭の枝・木くず,庭木(家庭の庭木の丸太),,に
家庭の枝・木くず,庭草,,に
もえるごみ,人形(繊維製品),,に
もえないごみ,人形(繊維製品以外),,に
もえないごみ,人形ケース,,に
もえるごみ,にんじん(加熱したもの),,に
もえるごみ,妊娠検査薬,,に
キッチンの油と貝殻と調理くず,にんじんの皮,,に
テレビ以外の小型家電,ニンテンドーDS・3DS,,に
テレビ以外の小型家電,Nintendo Switch,,に
テレビ以外の小型家電,NINTENDO64,,に
もえないごみ,縫い糸,,ぬ
きれいな古繊維,ぬいぐるみ,,ぬ
もえるごみ,ぬか,,ぬ
プラスチック製容器包装,ぬかのプラスチックパック,,ぬ
もえないごみ,抜き型(調理用品),,ぬ
もえるごみ,布おむつ,,ぬ
もえるごみ,布きれ,,ぬ
紙製容器包装・がみ,塗り絵,,ぬ
紙製容器包装・がみ,濡れた紙(汚れていない),,ぬ
もえないごみ,ヌンチャク,,ぬ
粗大ごみ,寝椅子,,ね
もえないごみ,ネイル(つけ爪),,ね
もえないごみ,ネイルニッパー,,ね
もえないごみ,ネームタグ,,ね
もえないごみ,ネームプレート,,ね
テレビ以外の小型家電,ネオジオ,,ね
もえないごみ,ネクタイ(蝶ネクタイ),,ね
もえないごみ,ネクタイ(汚損あり),,ね
使えるくつ・かばん,ネクタイ(汚損なし),,ね
もえないごみ,ネクタイかけ,,ね
使えるくつ・かばん,ネクタイピン(汚損なし),,ね
もえないごみ,ネクタイリング(アクセサリ),,ね
きれいな古繊維,ネグリジェ,,ね
もえないごみ,猫じゃらし,,ね
もえないごみ,ネコの爪とぎ,,ね
もえないごみ,猫よけシート,,ね
もえないごみ,ねじ,,ね
テレビ以外の小型家電,ねじ打ち機(工具･DIY）,,ね
粗大ごみ,ネストテーブル,,ね
もえないごみ,ネッカチーフ(アクセサリ),,ね
きれいな古繊維,ネックウォーマー,,ね
使えるくつ・かばん,ネックレス(汚損なし),,ね
もえないごみ,ネックレスの保管ケース,,ね
もえないごみ,根付,,ね
テレビ以外の小型家電,ネットワークカード(パソコン機器),,ね
テレビ以外の小型家電,ネットワークハブ(通信機器),,ね
きれいな古繊維,寝袋,,ね
紙製容器包装・がみ,値札(衣料品の値札など),,ね
テレビ以外の小型家電,ネブライザー(治療用小型家電),,ね
きれいな古繊維,寝間着,,ね
プラスチック製容器包装,練り香水のプラ容器,,ね
きれいな古繊維,ネルシャツ,,ね
もえるごみ,粘着テープ,,ね
紙製容器包装・がみ,粘着テープの芯,,ね
もえるごみ,粘着パッド,,ね
粗大ごみ,粘着ローラー(柄が長い),,ね
もえないごみ,粘着ローラー(柄が短い),,ね
もえるごみ,粘着ローラーのロール紙,,ね
紙製容器包装・がみ,粘着ローラーのロール紙の芯,,ね
プラスチック製容器包装,粘土(紙粘土のプラ包装),,ね
もえないごみ,粘土・粘土板,,ね
もえないごみ,燃料タンク(携帯用),,ね
紙製容器包装・がみ,納品書(複写式でない紙),,の
もえるごみ,納品書(複写式の紙),,の
紙製容器包装・がみ,ノーカーボン紙,,の
きれいな古繊維,ノーカラージャケット,,の
きれいな古繊維,ノースリーブ,,の
紙製容器包装・がみ,ノート,,の
プラスチック製容器包装,ノートPC購入時の画面のフィルム,,の
テレビ以外の小型家電,ノートパソコン,,の
もえないごみ,ノギス(工具･DIY）,,の
テレビ以外の小型家電,のこぎり(電動工具･DIY),,の
もえないごみ,のこぎり(非電気式),,の
紙製容器包装・がみ,のし紙,,の
紙製容器包装・がみ,のし袋,,の
もえるごみ,のし袋の飾り,,の
プラスチック製容器包装,のどスプレーの容器,,の
もえないごみ,のみ(工具･DIY）,,の
プラスチック製容器包装,のり(文房具)のスティック型容器,,の
プラスチック製容器包装,のり(文房具)のチューブ、キャップ,,の
もえないごみ,海苔の乾燥剤,,の
かん,海苔の缶と金属のふた,,の
びん,海苔の佃煮のびん,,の
びん,海苔のびん,,の
プラスチック製容器包装,海苔のプラボトル、パック、トレイ,,の
粗大ごみ,のれん,,の
もえないごみ,のれんの布,,の
もえないごみ,バー・スプーン,,は
きれいな古繊維,パーカー,,は
粗大ごみ,パーテーション,,は
テレビ以外の小型家電,ハードディスク,,は
もえないごみ,バーナーキャップ(ガスコンロ),,は
もえないごみ,ハーネス,,は
もえるごみ,ハーブ,,は
きれいな古繊維,ハーフパンツ,,は
粗大ごみ,バーベキューグリル,,は
粗大ごみ,バーベキューテーブル,,は
もえないごみ,バーベキュー網,,は
もえないごみ,バーベル,,は
もえないごみ,ハーモニカ(楽器・ケース),,は
もえないごみ,バール(工具･DIY),,は
もえるごみ,灰(消火を確認),,は
きれいな古繊維,ハイウエストスカート,,は
もえないごみ,バイオリン(楽器・ケース),,は
もえないごみ,パイカッター(調理用品),,は
もえないごみ,バイクカバー,,は
もえないごみ,バイクスクリーン,,は
もえないごみ,バイクボックス,,は
もえないごみ,バイクロック,,は
もえないごみ,灰皿,,は
キッチンの油と貝殻と調理くず,廃食用油,,は
もえないごみ,排水口のふた,,は
もえないごみ,排水トラップ,,は
もえないごみ,ハイドロカルチャー用セラミックボール,,は
もえるごみ,パイナップルの食べ残し,,は
かん,パイナップルの缶詰の缶,,は
プラスチック製容器包装,パイン(カットパインのパック),,は
もえるごみ,パイナップルのへた,,は
もえないごみ,パイプ(たばこのパイプ),,は
テレビ以外の小型家電,HiFiアンプ,,は
もえないごみ,パイプ掃除用ブラシ,,は
もえないごみ,パイプ継手,,は
粗大ごみ,パイプハンガー,,は
もえないごみ,パイプフード,,は
テレビ以外の小型家電,バイブレーター,,は
もえないごみ,パイプレンチ(工具･DIY),,は
もえないごみ,パイポ,,は
かん,ハイボールのアルミ缶,,は
キッチンの油と貝殻と調理くず,廃油(食用油),,は
もえるごみ,排卵検査器,,は
粗大ごみ,ハイローチェアー(赤ちゃん用),,は
もえないごみ,パイロットランプ,,は
もえないごみ,バインダー,,は
粗大ごみ,バウンサー(赤ちゃん用),,は
もえないごみ,はえたたき,,は
もえないごみ,羽織・羽織紐,,は
紙製容器包装・がみ,葉書,,は
もえないごみ,ハガキケース,,は
プラスチック製容器包装,葉書購入時のプラ包装,,は
もえないごみ,袴,,は
テレビ以外の小型家電,はかり(電池は危険ごみ),,は
粗大ごみ,バギーボード,,は
もえるごみ,端切れ,,は
プラスチック製容器包装,白色トレイ,,は
粗大ごみ,剥製,,は
危険ごみ,爆竹,,は
もえるごみ,バグフィルター,,は
紙製容器包装・がみ,はくり紙,,は
もえないごみ,歯車,,は
もえないごみ,刷毛(調理用、塗装用),,は
もえないごみ,バケツ,,は
もえないごみ,羽子板,,は
もえないごみ,はさみ,,は
もえないごみ,はし(木製、竹製、プラ製など),,は
家庭の枝・木くず,はし(木製の割りばし),,は
もえないごみ,はし置き,,は
粗大ごみ,はしご,,は
もえないごみ,はし立て,,は
もえるごみ,はし袋(割りばしの紙の包装),,は
きれいな古繊維,パジャマ,,は
もえないごみ,はし箱,,は
使えるくつ・かばん,パスケース(汚損なし),,は
使えるくつ・かばん,バスケシューズ(汚損、臭いなし),,は
粗大ごみ,バスケットゴール,,は
もえないごみ,バスケットボール,,は
もえるごみ,バスケットボールグローブ,,は
もえないごみ,バススツール,,は
きれいな古繊維,バスタオル(汚れていないもの),,は
プラスチック製容器包装,パスタのプラパック,,は
もえないごみ,パスタポット,,は
もえないごみ,パスタメーカー(パスタマシン),,は
紙製容器包装・がみ,パスポート(失効手続き済み),,は
使えるくつ・かばん,パスポートケース(汚損なし),,は
テレビ以外の小型家電,バスポリッシャー,,は
テレビ以外の小型家電,バスポンプ,,は
きれいな古繊維,バスマット,,は
もえないごみ,バスリリー,,は
紙製容器包装・がみ,パズル,,は
きれいな古繊維,バスローブ,,は
もえるごみ,パスワード生成機(トークン),,は
テレビ以外の小型家電,パソコン,,は
もえないごみ,パソコンケース,,は
テレビ以外の小型家電,パソコン周辺機器,,は
もえないごみ,パソコンスタンド,,は
テレビ以外の小型家電,パソコンスピーカー,,は
もえないごみ,パソコンソフト,,は
粗大ごみ,パソコンデスク(家庭用),,は
テレビ以外の小型家電,パソコンパーツ,,は
テレビ以外の小型家電,パソコンモニター,,は
テレビ以外の小型家電,パソコン用バッテリー,,は
粗大ごみ,パソコンラック,,は
もえるごみ,旗,,は
もえないごみ,バターケース,,は
もえないごみ,バターナイフ,,は
紙製容器包装・がみ,バターの紙の外箱,,は
もえるごみ,バターの包み紙,,は
きれいな古繊維,肌掛け布団(薄手のもの),,は
もえないごみ,裸電線,,は
もえないごみ,はたき,,は
きれいな古繊維,肌着,,は
もえないごみ,肌襦袢,,は
もえないごみ,肌布団,,は
もえないごみ,鉢(食器),,は
もえないごみ,ばち(打楽器用),,は
もえるごみ,蜂の巣,,は
もえるごみ,はちまき,,は
びん,はちみつ(びん),,は
かん,はちみつ(びんの金属のふた),,は
プラスチック製容器包装,はちみつ(プラ容器、キャップ),,は
テレビ以外の小型家電,8mmカメラ,,は
粗大ごみ,パチンコ台(家庭から出たもの),,は
もえないごみ,パチンコ玉(家庭から出たもの),,は
もえないごみ,発煙筒,,は
もえないごみ,パッキン,,は
もえないごみ,バッグキャリア,,は
もえないごみ,バッググリップ,,は
使えるくつ・かばん,バッグパック(汚損なし),,は
もえないごみ,バッグハンガー(アクセサリ),,は
もえないごみ,バッグやかばんのひも,,は
もえないごみ,バックル(アクセサリ),,は
もえないごみ,バックレスト,,は
もえないごみ,バッジ(アクセサリ),,は
もえるごみ,パッチ,,は
粗大ごみ,バッティングネット,,は
粗大ごみ,バッティングマシン,,は
危険ごみ,バッテリー(電化製品),,は
テレビ以外の小型家電,バッテリースターター,,は
テレビ以外の小型家電,バッテリーチェッカー,,は
粗大ごみ,発電機,,は
もえないごみ,バット(野球用),,は
もえるごみ,パット(衣類),,は
もえないごみ,バットケース,,は
紙製容器包装・がみ,ハットボックス(紙製),,は
もえないごみ,発砲(クッション材の小さな玉),,は
プラスチック製容器包装,発泡酒(6缶覆うケーシング),,は
紙製容器包装・がみ,発泡酒(6缶束ねる包装紙),,は
かん,発泡酒のアルミ缶,,は
ダンボール,発泡酒のダンボール箱,,は
プラスチック製容器包装,発泡スチロール(魚の箱買い),,は
プラスチック製容器包装,発泡スチロール(商品の容器),,は
プラスチック製容器包装,発泡スチロール(商品を固定),,は
もえないごみ,発泡スチロール(断熱材),,は
プラスチック製容器包装,発砲スチロールネット(りんご),,は
もえないごみ,発砲ビーズ,,は
粗大ごみ,鳩時計(重り式・非電気式),,は
テレビ以外の小型家電,鳩時計(電池は危険ごみ),,は
もえないごみ,バドミントン(シャトル),,は
もえないごみ,バドミントン(シャトルケース),,は
もえないごみ,バドミントンラケット・ケース,,は
紙製容器包装・がみ,ハトロン紙,,は
もえないごみ,バトン(スポーツ用),,は
家庭の枝・木くず,花(生け花),,は
家庭の枝・木くず,花(枯れた花),,は
家庭の枝・木くず,花(プレゼントされた花),,は
テレビ以外の小型家電,鼻毛カッター(電池は危険ごみ),,は
粗大ごみ,花台(木製),,は
プラスチック製容器包装,花束のラッピング,,は
紙製容器包装・がみ,花束のラッピング(紙),,は
もえないごみ,バナナスタンド(金属製),,は
もえるごみ,花火(使用済),,は
危険ごみ,花火(未使用のもの),,は
紙製容器包装・がみ,花火セットの紙の台紙,,は
プラスチック製容器包装,花火のプラの包装,,は
紙製容器包装・がみ,花札,,は
もえないごみ,ばね,,は
粗大ごみ,羽根布団,,は
もえないごみ,パネル(スチレンボード),,は
粗大ごみ,幅木(自分で解体したもの),,は
もえないごみ,パフェカップ(パフェグラス),,は
もえないごみ,パフケース,,は
もえないごみ,歯ブラシ(使用済み),,は
紙製容器包装・がみ,歯ブラシ(電動)の紙の箱、包装,,は
プラスチック製容器包装,歯ブラシ(電動)のプラの箱,,は
テレビ以外の小型家電,歯ブラシ(電動タイプ),,は
もえないごみ,歯ブラシ入れ,,は
もえないごみ,歯ブラシスタンド,,は
紙製容器包装・がみ,歯ブラシの紙の台紙,,は
プラスチック製容器包装,歯ブラシのプラのパック,,は
キッチンの油と貝殻と調理くず,ハマグリの貝殻,,は
粗大ごみ,破魔弓,,は
プラスチック製容器包装,歯磨き粉のチューブ、キャップ,,は
プラスチック製容器包装,ハムの包装フィルム,,は
もえるごみ,腹帯(妊婦用),,は
もえないごみ,パラソル・パラソルベース,,は
きれいな古繊維,パラッツォパンツ,,は
紙製容器包装・がみ,パラフィン紙,,は
もえないごみ,バラン,,は
粗大ごみ,バランスチェア,,は
もえないごみ,バランスボール,,は
もえないごみ,針,,は
もえないごみ,鍼(はり),,は
もえないごみ,針金,,は
テレビ以外の小型家電,バリカン(園芸用),,は
テレビ以外の小型家電,バリカン(調髪用),,は
テレビ以外の小型家電,貼付型治療器,,は
もえるごみ,針山(ピンクッション),,は
きれいな古繊維,ハリントンジャケット,,は
粗大ごみ,バルコニータイル,,は
もえないごみ,バルブ,,は
もえないごみ,パルプボード,,は
もえないごみ,パルプボックス,,は
使えるくつ・かばん,バレエシューズ(汚損、臭いなし),,は
もえないごみ,パレット(絵画用),,は
もえないごみ,パレットナイフ (調理用品),,は
もえないごみ,バレン,,は
もえないごみ,半衿,,は
もえないごみ,ハンガー,,は
テレビ以外の小型家電,ハンガー(衣類乾燥機能付き),,は
テレビ以外の小型家電,ハンガー掛け(乾燥機能付き),,は
もえないごみ,ハンガーカバー,,は
もえないごみ,ハンガーケース,,は
粗大ごみ,ハンガーパイプ,,は
もえないごみ,ハンガーフック(壁かけハンガー),,は
粗大ごみ,ハンガーラック,,は
もえるごみ,ハンカチ,,は
危険ごみ,パンク修理剤,,は
粗大ごみ,パンケース,,は
もえないごみ,飯盒,,は
プラスチック製容器包装,パン粉のプラ袋,,は
紙製容器包装・がみ,半紙,,は
もえないごみ,反射板,,は
もえるごみ,パンスト,,は
きれいな古繊維,半ズボン,,は
もえるごみ,絆創膏,,は
もえないごみ,はんだ,,は
もえないごみ,はんだごて(工具･DIY),,は
もえるごみ,バンダナ,,は
もえないごみ,パンチ(文房具),,は
もえないごみ,パンチボウル(食器),,は
もえないごみ,パンチングボール,,は
もえないごみ,パンチングミット,,は
もえるごみ,パンツ(下着),,は
きれいな古繊維,パンツスーツ,,は
もえないごみ,ハンディーカッター(工具･DIY),,は
テレビ以外の小型家電,ハンディーカラオケ,,は
危険ごみ,ハンディーバーナー(アウトドア用),,は
テレビ以外の小型家電,ハンディシーラー,,は
テレビ以外の小型家電,ハンディターミナル(通信機器),,は
テレビ以外の小型家電,ハンディミシン,,は
テレビ以外の小型家電,ハンディミスト(美容用品),,は
もえないごみ,ハンディモップ,,は
もえるごみ,はんてん,,は
もえないごみ,半斗缶(食品が入っていたもの),,は
テレビ以外の小型家電,ハンドクリーナー,,は
プラスチック製容器包装,ハンドクリームのチューブなど,,は
もえないごみ,ハンドグリップ,,は
プラスチック製容器包装,ハンドソープのボトルなど,,は
きれいな古繊維,ハンドタオル(汚れていないもの),,は
もえないごみ,ハンドニブラー(工具･DIY),,は
テレビ以外の小型家電,ハンドマッサージ機,,は
テレビ以外の小型家電,ハンドライト(電池は危険ごみ),,は
もえないごみ,ハンドルカバー,,は
もえないごみ,ハンドルロック,,は
もえないごみ,ハンドレスト,,は
プラスチック製容器包装,パンの袋の留め具,,は
もえるごみ,パンの耳,,は
使えるくつ・かばん,パンプス(汚損、臭いなし),,は
紙製容器包装・がみ,パンフレット,,は
テレビ以外の小型家電,ハンマー(電動ハンマー),,は
もえないごみ,ハンマー(工具･DIY),,は
粗大ごみ,ハンモック,,は
テレビ以外の小型家電,パン焼き器,,は
もえないごみ,パン型(金属製),,は
もえないごみ,ビアグラス,,ひ
使えるくつ・かばん,ピアス(汚損なし),,ひ
もえないごみ,ピアッサー,,ひ
テレビ以外の小型家電,ピアノ(電子式),,ひ
もえないごみ,ピアノカバー,,ひ
もえないごみ,ビアマグ,,ひ
テレビ以外の小型家電,PHS電話(ピッチ),,ひ
粗大ごみ,BSアンテナ,,ひ
テレビ以外の小型家電,BSチューナー,,ひ
きれいな古繊維,ピーコート,,ひ
テレビ以外の小型家電,PCエンジン,,ひ
もえないごみ,ビーズ・ビーズクッション,,ひ
テレビ以外の小型家電,ヒーター(電気式),,ひ
使えるくつ・かばん,ビーチサンダル(汚損、臭いなし),,ひ
もえないごみ,ビーチボール,,ひ
テレビ以外の小型家電,PDA(端末),,ひ
テレビ以外の小型家電,PDディスクドライブ,,ひ
もえないごみ,ビート板,,ひ
きれいな古繊維,ビーニー(帽子),,ひ
粗大ごみ,P箱(ビール箱など),,ひ
もえないごみ,BB弾,,ひ
もえないごみ,ピーラー(調理用品),,ひ
粗大ごみ,ビールケース,,ひ
粗大ごみ,ビールサーバー(家庭用),,ひ
プラスチック製容器包装,ビール(6缶覆ったケーシング),,ひ
紙製容器包装・がみ,ビール(6缶束ねた包装紙),,ひ
かん,ビール(アルミ缶),,ひ
ダンボール,ビール(ダンボール箱),,ひ
びん,ビール(ビールびん),,ひ
かん,ビール(ビールびんの王冠),,ひ
粗大ごみ,ビール箱(プラスチックケース),,ひ
もえないごみ,ビー玉,,ひ
テレビ以外の小型家電,光モデム(通信機器),,ひ
テレビ以外の小型家電,美顔器(電気式),,ひ
もえないごみ,美顔器(非電気式),,ひ
粗大ごみ,引き出し,,ひ
もえないごみ,引き出しのレール,,ひ
粗大ごみ,引き戸,,ひ
もえないごみ,魚籠(びく),,ひ
テレビ以外の小型家電,鼻腔洗浄機(電池は危険ごみ),,ひ
粗大ごみ,ピクチャーレール,,ひ
きれいな古繊維,ひざ掛け,,ひ
もえないごみ,ピザカッター(調理用品),,ひ
もえないごみ,ピザストーン,,ひ
紙製容器包装・がみ,ピザの箱,,ひ
もえないごみ,肘掛け,,ひ
もえないごみ,ひしゃく,,ひ
雑誌,美術全集,,ひ
テレビ以外の小型家電,非常信号灯(電池は危険ごみ),,ひ
もえないごみ,ビス,,ひ
キッチンの油と貝殻と調理くず,ピスタチオの皮、豆,,ひ
もえないごみ,飛騨コンロ,,ひ
もえないごみ,筆記用具,,ひ
紙製容器包装・がみ,筆記用具で書いた紙,,ひ
テレビ以外の小型家電,ピックアップ類(音響用),,ひ
粗大ごみ,ピッケル,,ひ
もえないごみ,ピッコロ(楽器・ケース),,ひ
もえないごみ,ピッチパイプ,,ひ
もえないごみ,ピッチャー,,ひ
粗大ごみ,ピッチングネット,,ひ
もえないごみ,ヒップそり,,ひ
テレビ以外の小型家電,ビデオカード,,ひ
テレビ以外の小型家電,ビデオカメラ,,ひ
テレビ以外の小型家電,ビデオ機器付属品,,ひ
テレビ以外の小型家電,ビデオDCライト,,ひ
もえないごみ,ビデオテープ・ケース,,ひ
テレビ以外の小型家電,ビデオテーププレーヤー,,ひ
テレビ以外の小型家電,ビデオテープレコーダー,,ひ
テレビ以外の小型家電,ビデオフラッシュ,,ひ
テレビ以外の小型家電,ビデオライト,,ひ
テレビ以外の小型家電,一口コンロ,,ひ
もえるごみ,雛飾り,,ひ
粗大ごみ,雛壇(ひなだん),,ひ
もえないごみ,ビニールエプロン,,ひ
もえないごみ,ビニールカバー,,ひ
もえないごみ,ビニールケース,,ひ
粗大ごみ,ビニールシート(家庭菜園用),,ひ
もえないごみ,ビニールタイ,,ひ
もえるごみ,ビニールテープ,,ひ
もえないごみ,ビニールテープカッター,,ひ
紙製容器包装・がみ,ビニールテープの紙の芯,,ひ
プラスチック製容器包装,ビニールテープのプラ包装,,ひ
もえないごみ,ビニール手袋,,ひ
粗大ごみ,ビニールトタン,,ひ
プラスチック製容器包装,ビニールのプラ包装,,ひ
もえないごみ,ビニールの包装(購入した包装),,ひ
もえないごみ,ビニールバケツ,,ひ
もえないごみ,ビニールひも,,ひ
もえないごみ,ビニールプール,,ひ
もえないごみ,ビニールボート,,ひ
もえないごみ,ビニールマット,,ひ
もえないごみ,ビニール袋(購入した袋),,ひ
もえないごみ,ビニール封筒,,ひ
もえないごみ,ビニール包装材(購入した包装材),,ひ
もえるごみ,避妊具,,ひ
粗大ごみ,火鉢,,ひ
もえないごみ,ピペット,,ひ
粗大ごみ,干物用ざる,,ひ
もえないごみ,ひも切りカッター,,ひ
プラスチック製容器包装,日焼け止めクリームのチューブ,,ひ
プラスチック製容器包装,日焼け止めクリームの容器,,ひ
雑誌,百科事典,,ひ
紙製容器包装・がみ,冷麦の紙製の包装,,ひ
もえないごみ,冷麦の木箱,,ひ
プラスチック製容器包装,冷麦のプラ包装,,ひ
もえないごみ,ヒューズ,,ひ
もえないごみ,ビューティーローラー(非電気式),,ひ
もえないごみ,ビューラー,,ひ
もえないごみ,ビューラーゴム,,ひ
もえないごみ,表札,,ひ
もえないごみ,拍子木,,ひ
もえないごみ,表彰楯,,ひ
もえないごみ,ひょうたん,,ひ
もえないごみ,氷のう,,ひ
粗大ごみ,屏風,,ひ
もえないごみ,美容ローラー,,ひ
もえないごみ,日除け(カー用品),,ひ
粗大ごみ,日除けテント,,ひ
もえないごみ,ひらがな表(お風呂に貼るシート),,ひ
もえないごみ,ビリヤードボール,,ひ
もえるごみ,肥料の残り(家庭用),,ひ
プラスチック製容器包装,肥料の袋(家庭用),,ひ
もえないごみ,ピルケース,,ひ
粗大ごみ,ビルトインコンロ(自分で外したもの),,ひ
もえないごみ,ピン,,ひ
もえないごみ,びん(油のびん),,ひ
びん,びん(飲料、食品のびん),,ひ
かん,びん(王冠),,ひ
もえないごみ,びん(花びん),,ひ
紙製容器包装・がみ,びん(紙のふた),,ひ
びん,びん(化粧品のびん),,ひ
びん,びん(びん詰めのガラスびん),,ひ
かん,びん(びん詰めの金属のふた),,ひ
もえないごみ,びん(ほ乳びん),,ひ
もえるごみ,びん(ワインなどのコルク),,ひ
もえないごみ,びん(割れたびん),,ひ
もえないごみ,ビンカバー,,ひ
もえるごみ,ピンクッション,,ひ
紙製容器包装・がみ,ビンゴカード,,ひ
もえないごみ,ビンゴボール・マシーン,,ひ
もえないごみ,ピンセット(衛生用品),,ひ
もえないごみ,ピンセット(工具･DIY),,ひ
紙製容器包装・がみ,便箋,,ひ
もえないごみ,ピンチ・ピンチハンガー,,ひ
もえないごみ,ビンディング(スキーなど),,ひ
もえないごみ,ピンバッジ,,ひ
きれいな古繊維,ファー,,ふ
きれいな古繊維,ファーコート,,ふ
もえないごみ,ファイル(プラスチック製),,ふ
紙製容器包装・がみ,ファイル(紙の部分),,ふ
もえないごみ,ファイル(金属・プラの留め具),,ふ
もえないごみ,ファイルケース,,ふ
もえないごみ,ファイルスタンド,,ふ
テレビ以外の小型家電,ファクシミリ(FAX),,ふ
粗大ごみ,ファゴット(楽器・ケース),,ふ
テレビ以外の小型家電,ファックス電話・子機,,ふ
テレビ以外の小型家電,ファックスモデム,,ふ
テレビ以外の小型家電,ファミリーコンピュータ(ファミコン),,ふ
粗大ごみ,ファンシーケース,,ふ
もえないごみ,ファンデーション(鏡付きケース),,ふ
プラスチック製容器包装,ファンデーション(鏡なしケース),,ふ
もえないごみ,ファンデーション(スポンジ),,ふ
びん,ファンデーション(びん),,ふ
テレビ以外の小型家電,ファンヒーター,,ふ
粗大ごみ,フィギュアケース,,ふ
きれいな古繊維,フィッシュテールスカート,,ふ
テレビ以外の小型家電,フィッシュロースター,,ふ
もえないごみ,フィルター(空気清浄器など),,ふ
プラスチック製容器包装,フィルム(写真)の外ケース,,ふ
もえるごみ,フィルム(写真),,ふ
テレビ以外の小型家電,フィルムカメラ,,ふ
もえないごみ,フィン,,ふ
もえるごみ,フィンガースリーブ,,ふ
もえないごみ,風船,,ふ
使えるくつ・かばん,ブーツ(汚損、臭いなし),,ふ
もえないごみ,ブーツケース,,ふ
もえないごみ,ブーツスタンド,,ふ
もえないごみ,ブーツハンガー,,ふ
使えるくつ・かばん,プーティー(汚損、臭いなし),,ふ
紙製容器包装・がみ,封筒(紙製の窓付きフィルム),,ふ
紙製容器包装・がみ,封筒(紙のガムテープ),,ふ
紙製容器包装・がみ,封筒(紙の部分),,ふ
プラスチック製容器包装,封筒(購入時のプラ包装),,ふ
もえるごみ,封筒(ビニールテープ),,ふ
もえるごみ,封筒(ビニールのガムテープ),,ふ
もえないごみ,封筒(プラ製の窓付きフィルム),,ふ
テレビ以外の小型家電,フードセーバー,,ふ
もえないごみ,ブートニア(アクセサリ),,ふ
プラスチック製容器包装,フードパック,,ふ
テレビ以外の小型家電,フードプロセッサー,,ふ
粗大ごみ,フープ,,ふ
もえないごみ,風鈴,,ふ
もえないごみ,笛,,ふ
もえるごみ,フェイスカバー,,ふ
テレビ以外の小型家電,フェイスシェーバー,,ふ
きれいな古繊維,フェイスタオル(汚れていないもの),,ふ
もえるごみ,フェルト,,ふ
もえないごみ,フェルトペン,,ふ
もえないごみ,フェンダーモール,,ふ
もえないごみ,フォーク,,ふ
粗大ごみ,フォークギター(楽器・ケース),,ふ
テレビ以外の小型家電,フォトプリンター,,ふ
もえるごみ,布巾(使用済),,ふ
きれいな古繊維,布巾(未使用),,ふ
もえないごみ,ふきん掛け,,ふ
もえるごみ,ふくさ,,ふ
もえるごみ,覆面,,ふ
プラスチック製容器包装,袋(レジ袋・ポリ袋),,ふ
粗大ごみ,ふすま,,ふ
紙製容器包装・がみ,ふすま紙,,ふ
紙製容器包装・がみ,ふせん紙と台紙,,ふ
プラスチック製容器包装,ふせん紙のプラパック,,ふ
プラスチック製容器包装,プチプチ(商品の保護シート),,ふ
紙製容器包装・がみ,普通紙,,ふ
粗大ごみ,腹筋台,,ふ
テレビ以外の小型家電,腹筋ベルト(電気式),,ふ
もえないごみ,フック,,ふ
もえないごみ,仏具,,ふ
粗大ごみ,文机(ふづくえ),,ふ
もえないごみ,ブックエンド・スタンド,,ふ
雑誌,ブックカバー(あらかじめ付された物),,ふ
紙製容器包装・がみ,ブックカバー(レジで付される物),,ふ
もえないごみ,ブックケース,,ふ
粗大ごみ,仏壇,,ふ
テレビ以外の小型家電,フットウォーマー,,ふ
粗大ごみ,フットサルのゴール(家庭用),,ふ
テレビ以外の小型家電,フットスパ,,ふ
もえないごみ,フットポンプ,,ふ
もえないごみ,フットマッサージャー(電動),,ふ
もえないごみ,フットマッサージャー(非電気式),,ふ
もえないごみ,筆・筆ペン,,ふ
もえないごみ,筆洗,,ふ
粗大ごみ,ブティックハンガー,,ふ
もえないごみ,筆置・筆立て,,ふ
もえないごみ,筆箱,,ふ
もえないごみ,筆巻,,ふ
キッチンの油と貝殻と調理くず,ぶどう(皮、種など）,,ふ
粗大ごみ,布団,,ふ
きれいな古繊維,布団カバー,,ふ
テレビ以外の小型家電,布団乾燥機,,ふ
もえないごみ,布団ケース,,ふ
もえないごみ,布団たたき・布団ばさみ,,ふ
もえないごみ,布団袋,,ふ
もえるごみ,不燃テープ,,ふ
もえないごみ,文箱(ふばこ),,ふ
粗大ごみ,踏み台,,ふ
紙製容器包装・がみ,譜面,,ふ
粗大ごみ,譜面台,,ふ
もえるごみ,腐葉土,,ふ
もえないごみ,フライパン,,ふ
もえないごみ,フライパンスタンド,,ふ
テレビ以外の小型家電,フライヤー(卓上電気式),,ふ
もえないごみ,プライヤー(工具･DIY),,ふ
もえないごみ,ブラインド・ブラインドカーテン,,ふ
もえないごみ,フライ返し,,ふ
きれいな古繊維,ブラウス,,ふ
もえないごみ,プラグ,,ふ
テレビ以外の小型家電,プラグ・ジャック,,ふ
テレビ以外の小型家電,ブラケットライト,,ふ
粗大ごみ,ぶら下がり健康器,,ふ
もえないごみ,ブラシ,,ふ
もえないごみ,プラスチックケース,,ふ
プラスチック製容器包装,プラスチック製気泡緩衝材,,ふ
もえないごみ,プラスチックの棒・パイプ,,ふ
もえないごみ,プラスチックハンマー(工具･DIY),,ふ
もえないごみ,プラスチックマット,,ふ
もえないごみ,プラスチックラップカッター,,ふ
もえないごみ,プラスチック製のかご,,ふ
もえないごみ,プラスチック製密閉容器,,ふ
もえないごみ,プラスチック段ボール,,ふ
もえないごみ,プラスチック粘土,,ふ
もえないごみ,ブラックボード(家庭用),,ふ
テレビ以外の小型家電,フラッシュメモリーカード,,ふ
もえないごみ,プラッター(食器),,ふ
紙製容器包装・がみ,フラットファイルの紙の部分,,ふ
もえないごみ,フラットファイルの金属留め具,,ふ
もえないごみ,フラットファイルのプラ留め具,,ふ
もえないごみ,プラネタリウム(家庭用),,ふ
粗大ごみ,フラフープのフープ,,ふ
もえないごみ,プラモデル,,ふ
もえないごみ,プラモデル(紙の箱),,ふ
もえないごみ,プラモデル(枠、ポリ袋),,ふ
もえないごみ,プラレール,,ふ
もえないごみ,フラワータグ,,ふ
もえないごみ,フラワーバスケットの器,,ふ
家庭の枝・木くず,フラワーバスケットの花,,ふ
紙製容器包装・がみ,フラワーボックスの紙の箱,,ふ
家庭の枝・木くず,フラワーボックスの花,,ふ
もえないごみ,フラワーホルダー(アクセサリ),,ふ
きれいな古繊維,ブランケット,,ふ
粗大ごみ,ブランコ(子供用),,ふ
もえないごみ,プランター,,ふ
粗大ごみ,プランタースタンド,,ふ
もえないごみ,ブランデーグラス,,ふ
きれいな古繊維,フリース,,ふ
きれいな古繊維,ブリーツスカート,,ふ
もえるごみ,ブリーフ,,ふ
使えるくつ・かばん,ブリーフケース(汚損なし),,ふ
紙製容器包装・がみ,フリーペーパー,,ふ
紙製容器包装・がみ,ふりかけ(紙の包装),,ふ
びん,ふりかけ(びん),,ふ
プラスチック製容器包装,ふりかけ(びんのプラのふた),,ふ
プラスチック製容器包装,ふりかけ(プラの包装),,ふ
粗大ごみ,振り子時計(非電気式),,ふ
テレビ以外の小型家電,振り子時計,,ふ
紙製容器包装・がみ,振込用紙,,ふ
家庭の枝・木くず,プリザーブドフラワーの花,,ふ
もえないごみ,フリスビー,,ふ
もえないごみ,振袖,,ふ
紙製容器包装・がみ,プリン(3個パックの台紙),,ふ
プラスチック製容器包装,プリン(3個パックのプラ包装),,ふ
プラスチック製容器包装,プリン(スプーンのプラ包装),,ふ
もえないごみ,プリン(使い捨てスプーン),,ふ
プラスチック製容器包装,プリン(びんのプラキャップ),,ふ
プラスチック製容器包装,プリン(プラ容器、ふた),,ふ
紙製容器包装・がみ,プリン(洋菓子商品の紙包装),,ふ
びん,プリン(洋菓子店商品のびん),,ふ
プラスチック製容器包装,プリングルスのプラキャップ,,ふ
紙製容器包装・がみ,プリングルスの容器のがわ,,ふ
かん,プリングルスの容器の底,,ふ
テレビ以外の小型家電,プリンター,,ふ
もえないごみ,プリンターカバー,,ふ
紙製容器包装・がみ,プリンター用紙,,ふ
プラスチック製容器包装,プリンター用紙のプラ包装,,ふ
紙製容器包装・がみ,プリント(宿題やテストのプリント),,ふ
テレビ以外の小型家電,プリントゴッコ,,ふ
紙製容器包装・がみ,プリンの素の紙の箱,,ふ
もえないごみ,篩(調理用品),,ふ
粗大ごみ,ブルーシート(大きなサイズ),,ふ
もえないごみ,ブルーシート(小さいサイズ),,ふ
プラスチック製容器包装,フルーツグラノーラのパック,,ふ
かん,フルーツポンチの缶詰の缶,,ふ
もえないごみ,フルート(楽器・ケース),,ふ
テレビ以外の小型家電,ブルーレイディスクドライブ,,ふ
テレビ以外の小型家電,ブルーレイプレーヤー,,ふ
テレビ以外の小型家電,ブルーレイレコーダー,,ふ
テレビ以外の小型家電,フルセグ携帯受信機,,ふ
テレビ以外の小型家電,フルセグ受信機,,ふ
きれいな古繊維,ブルゾン,,ふ
きれいな古繊維,ブルマー,,ふ
きれいな古繊維,フレアスカート,,ふ
粗大ごみ,プレイジム,,ふ
テレビ以外の小型家電,PlayStationシリーズ(プレステ),,ふ
もえないごみ,プレイマット,,ふ
もえないごみ,ブレーキパッド,,ふ
プラスチック製容器包装,フレーク(玄米などのパック),,ふ
かん,フレーク(魚の缶詰の缶),,ふ
プラスチック製容器包装,フレーク(魚のシュリンク),,ふ
びん,フレーク(魚のびん),,ふ
もえないごみ,プレート(食器),,ふ
きれいな古繊維,ブレザー,,ふ
使えるくつ・かばん,ブレスレット(汚損なし),,ふ
もえないごみ,ブレッドケース,,ふ
粗大ごみ,フレンチホルン(楽器・ケース),,ふ
テレビ以外の小型家電,フロアースタンド,,ふ
粗大ごみ,フロアーモップ,,ふ
粗大ごみ,フロアタイル,,ふ
テレビ以外の小型家電,ブロアバキューム,,ふ
きれいな古繊維,フロアマット,,ふ
テレビ以外の小型家電,フロアライト,,ふ
もえないごみ,風呂桶,,ふ
もえないごみ,ブローチ(アクセサリ),,ふ
もえないごみ,ブローブラシ,,ふ
粗大ごみ,フローリングシート,,ふ
もえるごみ,フローリング補修テープ,,ふ
粗大ごみ,風呂釜,,ふ
テレビ以外の小型家電,プロジェクター(家庭用),,ふ
粗大ごみ,プロジェクタースクリーン,,ふ
きれいな古繊維,風呂敷,,ふ
もえないごみ,ブロック(玩具),,ふ
きれいな古繊維,フロックコート,,ふ
もえないごみ,フロッピーディスク,,ふ
テレビ以外の小型家電,フロッピーディスクドライブ,,ふ
もえないごみ,プロテクター(野球、ラグビー),,ふ
もえないごみ,風呂の椅子,,ふ
粗大ごみ,風呂のふた,,ふ
テレビ以外の小型家電,プロポ(ラジコンの送信機),,ふ
粗大ごみ,風呂マット,,ふ
テレビ以外の小型家電,風呂水ポンプ,,ふ
テレビ以外の小型家電,ブロワ(工具･DIY),,ふ
もえないごみ,フロントフォーク(自転車),,ふ
雑誌,文芸雑誌,,ふ
もえないごみ,文鎮,,ふ
もえないごみ,分度器(文房具),,ふ
テレビ以外の小型家電,分配機,,ふ
プラスチック製容器包装,粉末飲料のプラの容器,,ふ
テレビ以外の小型家電,噴霧器(園芸用小型家電),,ふ
テレビ以外の小型家電,噴霧器(美容用小型家電),,ふ
テレビ以外の小型家電,ヘアアイロン,,へ
危険ごみ,ヘアースプレー,,へ
使えるくつ・かばん,ヘアーバンド(汚損なし),,へ
もえないごみ,ヘアカッター,,へ
もえないごみ,ヘアカラー(アルミチューブ),,へ
危険ごみ,ヘアカラー(エアゾール缶),,へ
プラスチック製容器包装,ヘアカラー(チューブ、キャップ),,へ
プラスチック製容器包装,ヘアカラー(プラ容器),,へ
もえないごみ,ヘアゴム(アクセサリ),,へ
プラスチック製容器包装,ヘアスプレー(外装フィルム),,へ
危険ごみ,ヘアスプレー(スプレー缶),,へ
きれいな古繊維,ベアトップ,,へ
テレビ以外の小型家電,ヘアドライヤー,,へ
もえないごみ,ヘアピン(アクセサリ),,へ
プラスチック製容器包装,ヘアワックス(プラチューブ),,へ
プラスチック製容器包装,ヘアワックス(プラ容器),,へ
もえないごみ,ベーゴマ,,へ
プラスチック製容器包装,ベーコンの包装フィルム,,へ
紙製容器包装・がみ,ペーパークラフト,,へ
もえるごみ,ペーパータオル,,へ
もえないごみ,ペーパーナイフ,,へ
もえるごみ,ペーパーナプキン,,へ
もえないごみ,ペーパーファスナー,,へ
もえないごみ,ペーパーホルダー(金属製),,へ
もえるごみ,ペーパーホルダーカバー,,へ
もえるごみ,ベール,,へ
もえないごみ,ペール缶,,へ
もえないごみ,ペグ,,へ
きれいな古繊維,ベスト,,へ
もえないごみ,ペダル,,へ
もえないごみ,べっこう製品,,へ
テレビ以外の小型家電,ヘッジトリマ,,へ
トイレに流す,ペット(ふん),,へ
粗大ごみ,ベッド(ベッドガード),,へ
粗大ごみ,ペット(ペットキャリー),,へ
粗大ごみ,ペット(ペットゲージ),,へ
もえないごみ,ペット(ペットのトイレ用の砂),,へ
粗大ごみ,ペット(ペットバギー),,へ
かん,ペット(ペットフードの缶詰の缶),,へ
プラスチック製容器包装,ペット(ペットフードのプラパック),,へ
粗大ごみ,ペット(ベッドフェンス),,へ
粗大ごみ,ベッド(ベッドフレーム),,へ
粗大ごみ,ヘッド(ベッドボード・頭側の板),,へ
もえるごみ,ペット(ペット用衣類),,へ
もえないごみ,ペット(ペット用エサ・水入れ),,へ
テレビ以外の小型家電,ペット(ペット用えさやり器),,へ
テレビ以外の小型家電,ペット(ペット用自動給水器),,へ
粗大ごみ,ペット(ペット用ソファー),,へ
もえるごみ,ペット(ペット用タオル),,へ
もえないごみ,ペット(ペット用トイレ),,へ
テレビ以外の小型家電,ペット(ペット用ドライヤー),,へ
テレビ以外の小型家電,ペット(ペット用ヒーター),,へ
もえないごみ,ペット(ペット用水飲み),,へ
もえるごみ,ペット(ペット用毛布),,へ
粗大ごみ,ペッド(ペット小屋),,へ
粗大ごみ,ペッド(ペット用バスタブ),,へ
粗大ごみ,ペッド(ペット用ベッド),,へ
粗大ごみ,ベッド(マットレス以外),,へ
きれいな古繊維,ベッドカバー(布製),,へ
もえないごみ,ヘッドギア(ラグビー用),,へ
粗大ごみ,ベッドサイドチェスト,,へ
もえるごみ,ペット(ペットシート),,へ
トイレに流す,ペット(ペットシートの汚物),,へ
プラスチック製容器包装,ペット(ペットシートのプラ袋),,へ
テレビ以外の小型家電,ヘッドセット,,へ
もえないごみ,ベッドパット,,へ
きれいな古繊維,ヘッドバンド,,へ
テレビ以外の小型家電,ヘッドフォン,,へ
プラスチック製容器包装,ペットボトル(キャップ),,へ
もえないごみ,ペットボトル(切断したもの),,へ
ペットボトル,ペットボトル(みりん),,へ
ペットボトル,ペットボトル(みりん風調味料),,へ
ペットボトル,ペットボトル(飲料),,へ
ペットボトル,ペットボトル(醤油),,へ
もえないごみ,ペットボトルカバー,,へ
もえないごみ,ペットボトルホルダー,,へ
テレビ以外の小型家電,ヘッドホンステレオ,,へ
もえないごみ,ヘッドホンハンガー,,へ
テレビ以外の小型家電,ヘッドマウントディスプレイ,,へ
もえないごみ,ベッドメリー,,へ
テレビ以外の小型家電,ヘッドライト(頭部装着用),,へ
もえないごみ,ヘッドレスト,,へ
もえないごみ,ペッパーミル,,へ
プラスチック製容器包装,紅しょうがのパック,,へ
プラスチック製容器包装,紅しょうがのミニパック,,へ
粗大ごみ,ベニヤ板(家庭で使ったもの),,へ
粗大ごみ,ベビー(ベニーカー),,へ
きれいな古繊維,ベビー(ベビーエプロン・よだれかけ),,へ
プラスチック製容器包装,ベビー(ベビーオイルのプラ容器),,へ
もえないごみ,ベビー(ベビーカーカバー),,へ
もえないごみ,ベビー(ベビーカーステップ),,へ
粗大ごみ,ベビー(ベビーゲート),,へ
きれいな古繊維,ベビー(ベビースリング),,へ
粗大ごみ,ベビー(ベビーチェア),,へ
もえるごみ,ベビー(ベビーパウダーの残った粉),,へ
もえるごみ,ベビー(ベビーパウダーのパフ),,へ
プラスチック製容器包装,ベビー(ベビーパウダーのプラ容器),,へ
粗大ごみ,ベビー(ベビーバス),,へ
粗大ごみ,ベビー(ベビーバスチェア),,へ
プラスチック製容器包装,ベビー(ベビーフードのアルミパウチ),,へ
きれいな古繊維,ベビー(ベビー服),,へ
粗大ごみ,ベビー(ベビーベッド),,へ
きれいな古繊維,ベビー(ベビー毛布),,へ
テレビ以外の小型家電,ベビースケール(家庭用),,へ
きれいな古繊維,ペプラムスカート,,へ
プラスチック製容器包装,へら(アイスのプラ包装),,へ
もえないごみ,へら(アイスのへら),,へ
紙製容器包装・がみ,へら(アイスのへらの紙包装),,へ
もえないごみ,へら(調理器具),,へ
粗大ごみ,ベランダストッカー,,へ
もえないごみ,ベランダマット,,へ
危険ごみ,ヘリウムガス缶,,へ
もえないごみ,ベル,,へ
テレビ以外の小型家電,ヘルスメーター,,へ
使えるくつ・かばん,ベルト(汚損なし),,へ
使えるくつ・かばん,ベルトポーチ(汚損なし),,へ
きれいな古繊維,ベルボトム,,へ
もえないごみ,ヘルメット,,へ
粗大ごみ,ペレットストーブ,,へ
プラスチック製容器包装,ペンキ(プラの容器、プラふた),,へ
もえないごみ,ペンキ(ペンキローラー),,へ
粗大ごみ,便器(ポータブルタイプ),,へ
かん,ペンキ(空き缶、金属のふた),,へ
もえないごみ,ペンキャップ,,へ
もえないごみ,ペンケース,,へ
もえるごみ,便座カバー,,へ
きれいな古繊維,ペンシルスカート,,へ
もえないごみ,ペンスタンド,,へ
テレビ以外の小型家電,ペンダントライト,,へ
粗大ごみ,ベンチ(家庭用),,へ
もえないごみ,ペンチ(工具･DIY),,へ
プラスチック製容器包装,弁当(油の吸水シート),,へ
プラスチック製容器包装,弁当(おかずのプラ容器),,へ
紙製容器包装・がみ,弁当(紙の容器),,へ
もえるごみ,弁当(残飯),,へ
もえるごみ,弁当(使用済の紙おしぼり),,へ
プラスチック製容器包装,弁当(使用済の調味料のパック),,へ
紙製容器包装・がみ,弁当(商品ののし紙),,へ
プラスチック製容器包装,弁当(醤油のミニ容器),,へ
もえないごみ,弁当(つまようじ),,へ
もえないごみ,弁当(プラスプーン、フォーク),,へ
プラスチック製容器包装,弁当(プラ容器),,へ
紙製容器包装・がみ,弁当(未使用の紙おしぼり),,へ
もえるごみ,弁当(未使用の調味料のパック),,へ
家庭の枝・木くず,弁当(木製の割りばし),,へ
もえないごみ,弁当(輪ゴム),,へ
プラスチック製容器包装,弁当(割りばしなどのプラ包装),,へ
紙製容器包装・がみ,弁当(割りばしの紙の包装),,へ
もえないごみ,弁当箱(使い捨てではない箱),,へ
もえるごみ,ボアパッド,,ほ
きれいな古繊維,ボア毛布,,ほ
もえないごみ,ホイールカバー,,ほ
もえないごみ,ホイッスル,,ほ
もえないごみ,ホイッパー(調理用品),,ほ
危険ごみ,ホイップクリームのスプレー缶,,ほ
もえないごみ,方位磁石,,ほ
もえないごみ,望遠鏡,,ほ
粗大ごみ,防音材,,ほ
プラスチック製容器包装,防カビ用のくん煙剤,,ほ
紙製容器包装・がみ,方眼紙,,ほ
粗大ごみ,ほうき(竹ぼうき),,ほ
もえないごみ,ほうき(庭ぼうき),,ほ
もえないごみ,防具(スポーツ用品),,ほ
もえるごみ,芳香剤の中身、シート,,ほ
プラスチック製容器包装,芳香剤のプラ容器,,ほ
もえないごみ,芳香剤用容器(容器として購入),,ほ
もえないごみ,防災シート,,ほ
もえないごみ,防災頭巾,,ほ
使えるくつ・かばん,帽子(汚損、臭いなし),,ほ
粗大ごみ,帽子掛け,,ほ
もえないごみ,防水カバー,,ほ
もえないごみ,防水シーツ,,ほ
もえないごみ,防水フィルム,,ほ
もえないごみ,宝石箱・スタンド,,ほ
もえないごみ,包装(贈り物などを包装する),,ほ
プラスチック製容器包装,包装(商品のプラの包装),,ほ
もえないごみ,包装(中身が商品),,ほ
紙製容器包装・がみ,包装紙,,ほ
もえないごみ,防草シート(家庭用),,ほ
もえるごみ,包帯,,ほ
もえないごみ,包帯どめ,,ほ
もえないごみ,防虫カバー,,ほ
もえるごみ,防虫剤・防虫シート,,ほ
紙製容器包装・がみ,防虫剤・防虫シートの紙の箱,,ほ
危険ごみ,防虫剤のエアゾール缶,,ほ
プラスチック製容器包装,防虫剤のケース,,ほ
もえないごみ,包丁,,ほ
もえないごみ,包丁とぎ,,ほ
テレビ以外の小型家電,放電器,,ほ
テレビ以外の小型家電,防犯カメラ,,ほ
危険ごみ,防犯スプレー,,ほ
テレビ以外の小型家電,防犯ブザー(電池は危険ごみ),,ほ
もえないごみ,防犯用窓ロック,,ほ
かん,防腐剤の缶,,ほ
もえないごみ,訪問着,,ほ
もえないごみ,ボウリングのピン,,ほ
もえないごみ,ボウリングの球,,ほ
もえないごみ,ボウル(調理用品),,ほ
もえないごみ,ボウル(調理器具等・ガラス製),,ほ
もえないごみ,ボウル・ストレーナー,,ほ
プラスチック製容器包装,ポーション(ガムシロップなど),,ほ
もえないごみ,ホース,,ほ
もえないごみ,ホースカバー,,ほ
もえないごみ,ホースクリップ・ホースバンド,,ほ
粗大ごみ,ホースリール,,ほ
粗大ごみ,ポータブルトイレ,,ほ
テレビ以外の小型家電,ポータブル扇風機,,ほ
使えるくつ・かばん,ポーチ・化粧ポーチ(汚損なし),,ほ
テレビ以外の小型家電,ポーチライト,,ほ
もえないごみ,ボードゲームの紙以外,,ほ
紙製容器包装・がみ,ボードゲームの紙のお札,,ほ
紙製容器包装・がみ,ボードゲームの紙のカード,,ほ
紙製容器包装・がみ,ボードゲームの紙のボード,,ほ
テレビ以外の小型家電,ホームベーカリー,,ほ
もえないごみ,ホームベーカリーの内釜,,ほ
粗大ごみ,ホームロッカー,,ほ
もえないごみ,ボール(スポーツ用品),,ほ
もえないごみ,ボールケース(スポーツ用),,ほ
もえないごみ,ボールタップ,,ほ
かん,ホールトマトの缶詰の缶,,ほ
粗大ごみ,ボールハウス(遊具),,ほ
粗大ごみ,ポールハンガー,,ほ
プラスチック製容器包装,ボールペンのプラ包装,,ほ
もえないごみ,ボールペン本体、軸,,ほ
もえないごみ,ホーロー製品,,ほ
もえないごみ,保温カップ,,ほ
もえないごみ,保温シート,,ほ
テレビ以外の小型家電,保温鍋(小型家電),,ほ
もえないごみ,保温鍋(非電気式),,ほ
テレビ以外の小型家電,保温びつ(電気式),,ほ
テレビ以外の小型家電,保温プレート,,ほ
もえないごみ,保温弁当箱,,ほ
もえるごみ,ボクサーパンツ,,ほ
プラスチック製容器包装,墨汁のプラ容器、キャップ,,ほ
粗大ごみ,木刀,,ほ
もえるごみ,ポケットアルバム,,ほ
紙製容器包装・がみ,ポケットアルバムの紙の容器,,ほ
テレビ以外の小型家電,ポケットコンピューター(ポケコン),,ほ
もえないごみ,ポケットチーフ,,ほ
テレビ以外の小型家電,ポケットベル(ポケベル),,ほ
テレビ以外の小型家電,ポケモンミニ(電池は危険ごみ),,ほ
粗大ごみ,歩行器,,ほ
粗大ごみ,ポゴスティック,,ほ
もえるごみ,埃(ほこり),,ほ
もえないごみ,干し網,,ほ
使えるくつ・かばん,ポシェット(汚損なし),,ほ
プラスチック製容器包装,保湿クリームのチューブなど,,ほ
もえるごみ,保湿パック,,ほ
紙製容器包装・がみ,保証書の冊子,,ほ
プラスチック製容器包装,保証書のビニール袋,,ほ
もえないごみ,補助便座,,ほ
テレビ以外の小型家電,歩数計,,ほ
紙製容器包装・がみ,ポスター,,ほ
使えるくつ・かばん,ボストンバッグ(汚損なし),,ほ
もえるごみ,補正下着,,ほ
かん,保存食品(缶とふた),,ほ
もえるごみ,保存食品(中身の食品),,ほ
プラスチック製容器包装,保存食品(ぷラ容器、パック),,ほ
もえないごみ,保存食品(保存用のびん),,ほ
もえないごみ,保存食品(保存用プラ容器),,ほ
キッチンの油と貝殻と調理くず,ホタテの貝殻,,ほ
もえないごみ,蛍石,,ほ
もえないごみ,ボタン,,ほ
もえないごみ,ボタンカバー,,ほ
テレビ以外の小型家電,補聴器,,ほ
キッチンの油と貝殻と調理くず,ホッキの貝殻,,ほ
もえないごみ,ホック,,ほ
もえないごみ,ボックスレンチ(工具･DIY),,ほ
粗大ごみ,ホッケーのスティック,,ほ
もえないごみ,ホッチキスの針・本体,,ほ
テレビ以外の小型家電,ポット(電気式),,ほ
プラスチック製容器包装,ポット(花苗用の黒いポット),,ほ
もえないごみ,ポット(非電気式),,ほ
もえないごみ,ポット型浄水器,,ほ
もえないごみ,ホットサンドメーカー(ガス式),,ほ
テレビ以外の小型家電,ホットサンドメーカー(電気式),,ほ
テレビ以外の小型家電,ホットパネル(電気式),,ほ
きれいな古繊維,ホットパンツ,,ほ
もえないごみ,ホットビューラー,,ほ
テレビ以外の小型家電,ホットプレート,,ほ
粗大ごみ,ホッピング,,ほ
プラスチック製容器包装,ポップコーンのケース、パック,,ほ
テレビ以外の小型家電,ポップコーンメーカー,,ほ
プラスチック製容器包装,ボディーシャンプー(詰替パック),,ほ
プラスチック製容器包装,ボディーシャンプー(プラボトル),,ほ
もえないごみ,ボディーシャンプーディスペンサー,,ほ
粗大ごみ,ボディーピロー,,ほ
もえないごみ,ボディタオル,,ほ
もえないごみ,ボディブラシ,,ほ
紙製容器包装・がみ,ボトルガムの包み紙,,ほ
プラスチック製容器包装,ボトルガムの容器,,ほ
もえないごみ,ボトルキャップ(景品など),,ほ
もえないごみ,ボトルシップのボトル,,ほ
もえないごみ,ボトルスポンジ,,ほ
粗大ごみ,ボトルラック,,ほ
もえるごみ,母乳パッド,,ほ
もえないごみ,哺乳瓶,,ほ
テレビ以外の小型家電,哺乳瓶ウォーマー,,ほ
もえないごみ,哺乳瓶立て,,ほ
もえないごみ,哺乳瓶の消毒ケース,,ほ
もえないごみ,哺乳瓶の乳首,,ほ
もえるごみ,骨(鶏肉の骨),,ほ
もえないごみ,ボビンケース,,ほ
もえないごみ,ポリキャップ,,ほ
粗大ごみ,ポリタンク(中身は空に),,ほ
テレビ以外の小型家電,ポリッシャー(工具･DIY),,ほ
粗大ごみ,ポリバケツ,,ほ
きれいな古繊維,ホルターネック,,ほ
もえないごみ,ボルト,,ほ
もえないごみ,ボルトカッター(工具･DIY),,ほ
粗大ごみ,ホルン(楽器・ケース),,ほ
テレビ以外の小型家電,保冷米びつ(電気式),,ほ
もえないごみ,保冷剤,,ほ
もえないごみ,保冷バッグ,,ほ
きれいな古繊維,ボレロ,,ほ
きれいな古繊維,ポロシャツ,,ほ
もえるごみ,ぼろ布,,ほ
もえないごみ,ホワイトボード,,ほ
もえないごみ,ホワイトボード用ペン,,ほ
粗大ごみ,本台,,ほ
もえないごみ,ポンチ(工具･DIY),,ほ
きれいな古繊維,ポンチョ,,ほ
もえないごみ,盆提灯,,ほ
紙製容器包装・がみ,本の帯,,ほ
もえないごみ,雪洞(ぼんぼり),,ほ
もえないごみ,ポンポン,,ほ
紙製容器包装・がみ,マーガリンの紙の箱,,ま
プラスチック製容器包装,マーガリンのプラ容器,,ま
紙製容器包装・がみ,マークシート(テスト、競馬など),,ま
粗大ごみ,麻雀台,,ま
もえないごみ,麻雀牌・点棒・サイコロ,,ま
もえないごみ,麻雀牌ケース・麻雀マット,,ま
きれいな古繊維,マーメイドスカート,,ま
もえないごみ,マイカ線(家庭で使ったもの),,ま
テレビ以外の小型家電,マイク,,ま
テレビ以外の小型家電,マイクロドライブ,,ま
もえないごみ,マイバッグ,,ま
テレビ以外の小型家電,マウス,,ま
もえないごみ,マウスピース(楽器・スポーツ),,ま
きれいな古繊維,マウンテンパーカー,,ま
粗大ごみ,マウンテンバイク,,ま
もえないごみ,マガジンラック,,ま
もえないごみ,勾玉(アクセサリ),,ま
家庭の枝・木くず,薪(まき),,ま
きれいな古繊維,マキシスカート,,ま
もえないごみ,巻尺,,ま
もえないごみ,巻き簀(まきす),,ま
きれいな古繊維,巻きスカート,,ま
粗大ごみ,薪ストーブ,,ま
もえるごみ,巻物,,ま
もえないごみ,巻焼き鍋(調理用品),,ま
もえないごみ,巻き藁(まきわら),,ま
粗大ごみ,幕,,ま
もえないごみ,マグ(マグカップ),,ま
もえないごみ,マグネットシート,,ま
もえないごみ,マグネットバー,,ま
もえないごみ,マグネット付フック(プラスチック製),,ま
もえるごみ,枕,,ま
きれいな古繊維,枕カバー,,ま
もえないごみ,枕干し,,ま
もえるごみ,枕用パッド,,ま
もえないごみ,曲げわっぱ,,ま
もえないごみ,孫の手,,ま
使えるくつ・かばん,マザーズバッグ(汚損なし),,ま
テレビ以外の小型家電,マザーボード(パソコン機器),,ま
もえないごみ,マジックインキ,,ま
もえるごみ,マジックテープ,,ま
粗大ごみ,マジックハンド,,ま
もえないごみ,枡,,ま
プラスチック製容器包装,マスカラ,,ま
紙製容器包装・がみ,マスキングテープ,,ま
もえるごみ,マスク,,ま
きれいな古繊維,マタニティウェア,,ま
テレビ以外の小型家電,マッサージ機器(小型),,ま
もえないごみ,マッサージ機器(非電気式),,ま
もえないごみ,マッサージローラー(非電気式),,ま
もえないごみ,マッシャー(調理用品),,ま
もえるごみ,マッチ(使用済マッチ),,ま
危険ごみ,マッチ(未使用のマッチ),,ま
紙製容器包装・がみ,マッチの紙の箱,,ま
もえるごみ,マッチ箱,,ま
粗大ごみ,マットレス(スプリングなしマットレス),,ま
きれいな古繊維,マットレスパッド(薄手のもの),,ま
粗大ごみ,松葉杖,,ま
もえないごみ,窓ガラス(割れたガラス),,ま
紙製容器包装・がみ,窓付き封筒(紙製ガムテープ),,ま
紙製容器包装・がみ,窓付き封筒(紙製の窓),,ま
紙製容器包装・がみ,窓付き封筒(紙の部分),,ま
もえるごみ,窓付き封筒(ビニール製ガムテープ),,ま
もえるごみ,窓付き封筒(ビニールテープ),,ま
もえないごみ,窓付き封筒(プラ製の窓),,ま
粗大ごみ,窓拭きワイパー,,ま
もえないごみ,窓用フィルム,,ま
もえないごみ,マドラー,,ま
もえないごみ,まな板シート,,ま
もえないごみ,まな板スタンド,,ま
もえないごみ,まな板,,ま
びん,マニキュアのびん,,ま
プラスチック製容器包装,マニキュアのプラ容器、キャップ,,ま
きれいな古繊維,マフラー,,ま
テレビ以外の小型家電,魔法瓶(電気式),,ま
もえないごみ,魔法瓶(非電気式),,ま
もえるごみ,豆,,ま
キッチンの油と貝殻と調理くず,豆の皮、さや、種子,,ま
紙製容器包装・がみ,まゆそりの紙の容器(フィルムを取る),,ま
もえないごみ,まゆそりの刃,,ま
プラスチック製容器包装,まゆそりのプラカバー、外装パック,,ま
プラスチック製容器包装,マヨネーズ,,ま
もえないごみ,マラカス,,ま
もえないごみ,丸いす,,ま
家庭の枝・木くず,丸太(家庭の庭木の丸太),,ま
きれいな古繊維,マルチカバー(布製),,ま
テレビ以外の小型家電,マルチクッカー(調理用小型家電),,ま
粗大ごみ,マルチトレーナー,,ま
雑誌,漫画,,ま
危険ごみ,マンガン電池,,ま
紙製容器包装・がみ,まんじゅうの敷き紙,,ま
プラスチック製容器包装,まんじゅうのプラの包装,,ま
もえないごみ,マンドリン(楽器・ケース),,ま
もえないごみ,万年筆,,ま
もえないごみ,万年筆のケース,,ま
テレビ以外の小型家電,万歩計,,ま
もえないごみ,万力(工具･DIY),,ま
もえないごみ,ミートハンマー(調理用品),,み
キッチンの油と貝殻と調理くず,みかんの皮、種,,み
かん,みかんの缶詰の缶、ふた,,み
テレビ以外の小型家電,ミキサー(調理用小型家電),,み
もえないごみ,ミキサー・フードプロセッサーの刃,,み
使えるくつ・かばん,ミサンガ(汚損なし),,み
テレビ以外の小型家電,ミシン(電動),,み
もえないごみ,ミシンケース,,み
粗大ごみ,ミシン台,,み
粗大ごみ,水受け(立水栓用),,み
もえないごみ,水受け皿(植木鉢など),,み
もえないごみ,水桶,,み
きれいな古繊維,水着,,み
もえないごみ,水切りかご,,み
もえないごみ,水切りシート,,み
もえないごみ,水切り台,,み
もえるごみ,水切りネット,,み
もえないごみ,水切り袋,,み
家庭の枝・木くず,水草,,み
かん,水煮(さんま、さばなどの缶詰の缶),,み
プラスチック製容器包装,水煮(豆などのプラパック),,み
もえないごみ,ミスバハ(アクセサリ),,み
もえないごみ,水枕,,み
もえないごみ,水屋着,,み
もえないごみ,味噌こし,,み
紙製容器包装・がみ,ミックスペーパー,,み
テレビ以外の小型家電,miniSDカード,,み
もえないごみ,ミニカー,,み
きれいな古繊維,ミニスカート,,み
テレビ以外の小型家電,ミニステレオセット,,み
粗大ごみ,ミニテーブル,,み
テレビ以外の小型家電,ミニ四駆(電池は危険ごみ),,み
プラスチック製容器包装,ミネラルウォーターのプラキャップ,,み
ペットボトル,ミネラルウォーターのペットボトル,,み
もえないごみ,耳あて,,み
もえないごみ,耳かき,,み
もえないごみ,耳栓,,み
きれいな古繊維,ミモレスカート,,み
使えるくつ・かばん,ミュージックケース(汚損なし),,み
テレビ以外の小型家電,ミュージックシーケンサー,,み
もえないごみ,ミラーシート,,み
もえないごみ,ミラーボール,,み
もえないごみ,ミラーマット(商品として購入),,み
プラスチック製容器包装,ミラーマット(商品の保護材),,み
きれいな古繊維,ミリタリージャケット,,み
びん,みりん(びん),,み
かん,みりん(びんのアルミキャップ),,み
プラスチック製容器包装,みりん(プラキャップ),,み
プラスチック製容器包装,みりん(プラスチック容器),,み
ペットボトル,みりん(ペットボトル),,み
もえないごみ,ミルクポット,,み
きれいな古繊維,ムートンコート,,む
きれいな古繊維,ムートンジャケット,,む
もえるごみ,ムートンの生地(洋服以外),,む
もえないごみ,無煙タバコ,,む
もえないごみ,麦茶入れ,,む
もえないごみ,麦わら帽子,,む
もえないごみ,蒸し籠,,む
もえないごみ,虫かご,,む
もえないごみ,蒸し器,,む
もえないごみ,蒸し茶碗,,む
粗大ごみ,虫取り網,,む
もえるごみ,虫の死骸,,む
もえないごみ,虫ピン,,む
もえないごみ,虫眼鏡,,む
プラスチック製容器包装,虫よけ(液体、ビーズが入りタイプ),,む
もえないごみ,虫よけ(吊下型・携帯型・電気式),,む
危険ごみ,虫除けスプレー,,む
テレビ以外の小型家電,無水調理機器,,む
テレビ以外の小型家電,無線通信機器,,む
もえないごみ,むだ毛処理用剃刀,,む
もえないごみ,鞭,,む
紙製容器包装・がみ,メイク落とし(紙の容器),,め
もえるごみ,メイク落とし(コットン),,め
プラスチック製容器包装,メイク落とし(プラチューブ、容器),,め
もえないごみ,メイクボックス,,め
紙製容器包装・がみ,明細書(普通紙),,め
もえるごみ,明細書(レシート),,め
紙製容器包装・がみ,名刺,,め
プラスチック製容器包装,名刺(購入した名刺のプラケース),,め
もえないごみ,名刺入れ(汚損しているもの),,め
使えるくつ・かばん,名刺入れ(汚損なし),,め
もえないごみ,目打ち(調理用品),,め
もえないごみ,夫婦茶碗,,め
もえないごみ,夫婦箸,,め
テレビ以外の小型家電,メガドライブ,,め
もえないごみ,眼鏡,,め
もえないごみ,メガネケース・メガネたて,,め
もえないごみ,眼鏡立て,,め
もえるごみ,眼鏡拭き,,め
もえないごみ,めがねフレーム,,め
もえないごみ,めがねレンチ(工具･DIY),,め
もえないごみ,メガホン,,め
紙製容器包装・がみ,目薬(紙の外箱),,め
もえないごみ,目薬(商品として買った専用ケース),,め
プラスチック製容器包装,目薬(商品に同封の携帯ケース),,め
プラスチック製容器包装,目薬(プラ容器、キャップ),,め
テレビ以外の小型家電,目覚まし時計(電池は危険ごみ),,め
もえないごみ,メジャー(繊維製),,め
もえないごみ,メジャー(プラ製、金属製),,め
もえないごみ,メダル,,め
粗大ごみ,メッシュハンガー,,め
紙製容器包装・がみ,メッセージカード,,め
使えるくつ・かばん,メッセンジャーバッグ(汚損なし),,め
もえないごみ,メディアケース,,め
テレビ以外の小型家電,メディアドライブ,,め
テレビ以外の小型家電,メトロノーム(電池は危険ごみ),,め
紙製容器包装・がみ,メモ帳,,め
テレビ以外の小型家電,メモボード(電池式・電気式),,め
もえないごみ,メモボード(非電気式),,め
テレビ以外の小型家電,メモリ(パソコン機器),,め
テレビ以外の小型家電,メモリーカード,,め
テレビ以外の小型家電,メモリスティック,,め
もえないごみ,メラミン食器,,め
もえないごみ,メラミンフォーム(スポンジ),,め
もえないごみ,面(剣道用品),,め
もえるごみ,免許証(警察署で穴を開けた物),,め
もえるごみ,綿のくず,,め
きれいな古繊維,綿パンツ,,め
もえるごみ,綿棒(衛生用品),,め
プラスチック製容器包装,綿棒(衛生用品)のプラ容器,,め
もえないごみ,麺棒(調理用品),,め
きれいな古繊維,綿毛布,,め
きれいな古繊維,毛布(掛け毛布),,も
粗大ごみ,毛布(敷き毛布),,も
もえないごみ,毛布(丹前毛布),,も
テレビ以外の小型家電,毛布(電気式),,も
もえるごみ,燃えがら,,も
テレビ以外の小型家電,モーター,,も
もえないごみ,モール(手芸用),,も
使えるくつ・かばん,モカシン(汚損、臭いなし),,も
もえないごみ,木魚,,も
プラスチック製容器包装,木酢液の容器,,も
粗大ごみ,木質ボード,,も
もえないごみ,木製のかご,,も
もえないごみ,木製の小物・木製の食器,,も
もえないごみ,木製品(指定ごみ袋に入るもの),,も
もえないごみ,木製へら (スパテラ),,も
もえないごみ,木台,,も
もえるごみ,木炭の燃えがら,,も
もえないごみ,木馬(子供のおもちゃ),,も
もえないごみ,模型,,も
テレビ以外の小型家電,モジュラージャック,,も
プラスチック製容器包装,もずくのパック,,も
紙製容器包装・がみ,模造紙,,も
粗大ごみ,模造刀,,も
もえないごみ,もちあみ(電子レンジ用),,も
テレビ以外の小型家電,餅つき機,,も
粗大ごみ,木工製品,,も
きれいな古繊維,モッズコート,,も
もえないごみ,モップ絞り器,,も
テレビ以外の小型家電,モデム(通信機器),,も
もえないごみ,モニターアーム,,も
粗大ごみ,物干し竿・物干し台,,も
粗大ごみ,物干しスタンド,,も
粗大ごみ,物干しハンガー,,も
テレビ以外の小型家電,モノラルアンプ,,も
もえないごみ,喪服,,も
家庭の枝・木くず,もみがら,,も
かん,桃の缶詰の缶、ふた,,も
もえるごみ,股引,,も
もえないごみ,盛台,,も
もえないごみ,モンキーレンチ(工具･DIY),,も
雑誌,問題集,,も
もえないごみ,紋付,,も
テレビ以外の小型家電,門灯,,も
もえるごみ,もんぺ,,も
もえないごみ,矢(ダーツの矢),,や
もえないごみ,やかん,,や
もえないごみ,焼き網,,や
もえないごみ,焼型(菓子調理用),,や
テレビ以外の小型家電,焼肉専用焼き器(電気式),,や
もえないごみ,焼き物,,や
もえないごみ,野球のボール,,や
使えるくつ・かばん,野球帽(汚損なし),,や
もえないごみ,薬さじ,,や
紙製容器包装・がみ,薬包紙,,や
もえないごみ,薬用酒の計量カップ,,や
プラスチック製容器包装,野菜(いも、玉ねぎなどのポリ袋),,や
プラスチック製容器包装,野菜(玉ねぎなどの赤いネット),,や
もえるごみ,野菜(長ねぎなどの結束テープ),,や
プラスチック製容器包装,野菜(ほうれんそうなどのフィルム),,や
プラスチック製容器包装,野菜(もやし、オクラなどのパック),,や
キッチンの油と貝殻と調理くず,野菜(野菜くず),,や
もえるごみ,野菜(サラダの残りもの),,や
もえるごみ,野菜(調理後の野菜の残飯),,や
もえないごみ,野菜の水切り器,,や
もえないごみ,やすり(工具･DIY),,や
紙製容器包装・がみ,野帳,,や
きれいな古繊維,ヤッケ,,や
もえないごみ,やっとこ(工具･DIY),,や
粗大ごみ,柳行李,,や
テレビ以外の小型家電,USBディスク・USBメモリ,,ゆ
粗大ごみ,有機ELディスプレイ,,ゆ
プラスチック製容器包装,有機培養土の袋,,ゆ
もえないごみ,優勝カップ,,ゆ
もえないごみ,U字ロック,,ゆ
プラスチック製容器包装,融雪剤のプラパック,,ゆ
テレビ以外の小型家電,有線放送機器,,ゆ
粗大ごみ,郵便受け,,ゆ
テレビ以外の小型家電,UVライト(電池は危険ごみ),,ゆ
粗大ごみ,ユーフォニアム(楽器・ケース),,ゆ
もえないごみ,油音計,,ゆ
テレビ以外の小型家電,床置灯(フロアースタンド),,ゆ
粗大ごみ,湯かき棒,,ゆ
もえないごみ,浴衣,,ゆ
もえないごみ,湯冷まし,,ゆ
もえないごみ,湯たんぽ,,ゆ
もえないごみ,ゆでたまご器,,ゆ
もえないごみ,ゆでたまご切り器(調理用品),,ゆ
きれいな古繊維,ユニフォーム,,ゆ
もえないごみ,湯呑み茶碗,,ゆ
もえないごみ,指サック(文房具),,ゆ
もえないごみ,指貫(裁縫道具),,ゆ
もえないごみ,指輪のケース,,ゆ
もえるごみ,ユポ紙,,ゆ
粗大ごみ,ゆりかご,,ゆ
粗大ごみ,湯沸かし器(自分で取り外した物),,ゆ
紙製容器包装・がみ,容器(紙の容器),,よ
プラスチック製容器包装,容器(商品が入っていたプラ容器),,よ
もえないごみ,容器(中身が商品でないプラ),,よ
もえないごみ,容器(容器として購入したプラ),,よ
もえないごみ,楊枝,,よ
もえないごみ,養生シート,,よ
もえるごみ,養生テープ,,よ
紙製容器包装・がみ,養生テープの芯,,よ
テレビ以外の小型家電,溶接機(工具･DIY),,よ
もえないごみ,用箋挟(文房具),,よ
キッチンの油と貝殻と調理くず,洋なしの皮、芯,,よ
粗大ごみ,洋服かけ,,よ
粗大ごみ,洋服だんす,,よ
紙製容器包装・がみ,ヨーグルト(紙パック),,よ
プラスチック製容器包装,ヨーグルト(飲むヨーグルトのボトル),,よ
プラスチック製容器包装,ヨーグルト(複数個覆ったプラ包装),,よ
紙製容器包装・がみ,ヨーグルト(複数個パックの台紙),,よ
プラスチック製容器包装,ヨーグルト(プラ容器とふた),,よ
テレビ以外の小型家電,ヨーグルトメーカー,,よ
もえないごみ,ヨーヨー(ゴム製・木製),,よ
きれいな古繊維,ヨガパンツ,,よ
もえないごみ,ヨガブロック,,よ
もえないごみ,ヨガポール,,よ
もえないごみ,ヨガマット,,よ
もえるごみ,預金通帳,,よ
テレビ以外の小型家電,浴室用液晶テレビ,,よ
もえないごみ,浴室用スリッパ・ブーツ,,よ
もえるごみ,汚れた衣類,,よ
もえるごみ,汚れた紙,,よ
もえないごみ,汚れたくつ・かばん,,よ
もえないごみ,寄木細工,,よ
もえるごみ,よだれカバー,,よ
危険ごみ,ライター,,ら
危険ごみ,ライター(アウトドア用),,ら
もえないごみ,ライターケース,,ら
きれいな古繊維,ライダースジャケット,,ら
もえないごみ,ライブロック(アクアリウム用),,ら
もえるごみ,ラインテープ,,ら
もえないごみ,ラグビーヘッドギア・ラグビーボール,,ら
もえないごみ,ラグマット,,ら
もえないごみ,ラケット・ラケットカバー,,ら
もえないごみ,ラケットのバッグ(スポーツ用品),,ら
テレビ以外の小型家電,ラジオ,,ら
もえないごみ,ラジオペンチ(工具･DIY),,ら
テレビ以外の小型家電,ラジカセ,,ら
テレビ以外の小型家電,ラジコン,,ら
もえないごみ,ラチェットレンチ(工具･DIY),,ら
危険ごみ,ラッカーのスプレー缶,,ら
キッチンの油と貝殻と調理くず,落花生の皮、豆,,ら
粗大ごみ,ラック,,ら
もえないごみ,ラッピングフィルム(購入したラップ),,ら
プラスチック製容器包装,ラッピングフィルム(商品の包装),,ら
きれいな古繊維,ラップスカート,,ら
テレビ以外の小型家電,ラップトップパソコン,,ら
きれいな古繊維,ラップドレス,,ら
紙製容器包装・がみ,ラップ(紙の箱、紙の刃、芯),,ら
プラスチック製容器包装,ラップ(商品の包装のラップ),,ら
もえないごみ,ラップ(家庭で使うもの),,ら
もえないごみ,ラップ(金属の刃),,ら
もえるごみ,ラップ(汚れがとれないもの),,ら
もえないごみ,ラップホルダー,,ら
もえないごみ,ラバー(卓球用),,ら
もえないごみ,ラバーカップ(すっぽん),,ら
もえないごみ,ラバーマット,,ら
紙製容器包装・がみ,ラベル(紙製のラベル),,ら
危険ごみ,ラベルはがしスプレー,,ら
もえないごみ,ラベルピン(アクセサリ),,ら
テレビ以外の小型家電,ラベルプリンター・ライター,,ら
テレビ以外の小型家電,ラベルプリンターカートリッジ,,ら
テレビ以外の小型家電,ラミネーター,,ら
もえないごみ,ラミネート,,ら
テレビ以外の小型家電,LAN延長アダプタ,,ら
テレビ以外の小型家電,LANケーブル,,ら
もえないごみ,ランジェリーケース,,ら
もえないごみ,ランタン,,ら
きれいな古繊維,ランチョンマット,,ら
使えるくつ・かばん,ランドセル(汚損なし),,ら
もえないごみ,ランドセルカバー,,ら
きれいな古繊維,ランドリーバッグ,,ら
きれいな古繊維,ランニングシャツ,,ら
使えるくつ・かばん,ランニングシューズ(汚損、臭いなし),,ら
もえないごみ,リアキャリアボックス,,り
もえないごみ,リーシュ,,り
もえないごみ,リース(装飾の輪),,り
もえないごみ,リード(ペット用),,り
もえないごみ,リード(楽器),,り
紙製容器包装・がみ,リーフレット(折りたたみ式チラシ),,り
もえないごみ,リーマー(工具･DIY),,り
もえないごみ,リール,,り
もえないごみ,リキュールグラス,,り
粗大ごみ,リクライニングシート,,り
粗大ごみ,リクライニングチェアー,,り
もえないごみ,リコーダー・リコーダーケース,,り
もえないごみ,リサイクルカイロ,,り
使えるくつ・かばん,リストバンド(アクセサリ),,り
もえるごみ,リストバンド(スポーツ用品),,り
危険ごみ,リチウム電池,,り
プラスチック製容器包装,リップクリームのプラ容器、キャップ,,り
きれいな古繊維,リトルブラックドレス,,り
もえないごみ,リニアハンガー,,り
もえるごみ,リハビリパンツ,,り
粗大ごみ,リビングチェア,,り
粗大ごみ,リビングテーブル,,り
粗大ごみ,リビングボード,,り
もえないごみ,リボン,,り
危険ごみ,リムーバー（接着剤・塗料用）,,り
プラスチック製容器包装,リムーバー（化粧落とし用）,,り
テレビ以外の小型家電,リモートスイッチ,,り
テレビ以外の小型家電,リモートルーター,,り
テレビ以外の小型家電,リモコン,,り
使えるくつ・かばん,リュックサック(汚損なし),,り
もえるごみ,両面テープ,,り
もえないごみ,料理ばさみ,,り
粗大ごみ,旅行かばん,,り
テレビ以外の小型家電,旅行用変圧器,,り
もえないごみ,リング(アクセサリ),,り
もえるごみ,りんご(加熱したもの),,り
もえるごみ,りんご(ドライアップル),,り
キッチンの油と貝殻と調理くず,りんご(皮、芯),,り
プラスチック製容器包装,リンス(詰替パック),,り
プラスチック製容器包装,リンス(プラボトル),,り
もえないごみ,リンスディスペンサー,,り
もえないごみ,ルアー・ルアーケース,,る
紙製容器包装・がみ,ルーズリーフ,,る
テレビ以外の小型家電,ルーター,,る
粗大ごみ,ルーフキャリア,,る
もえないごみ,ループタイ(アクセサリ),,る
粗大ごみ,ルーフボックス,,る
もえるごみ,ルームウェア,,る
テレビ以外の小型家電,ルームサイクル(小型家電),,る
もえないごみ,ルームミラー(車用),,る
粗大ごみ,ルームランナー(大型家電),,る
テレビ以外の小型家電,留守番電話,,る
もえないごみ,ルレット(手芸用品),,る
もえるごみ,冷却ジェルシート・フィルム,,れ
紙製容器包装・がみ,冷却ジェルシートの紙の箱,,れ
テレビ以外の小型家電,冷却ファン(パソコン機器),,れ
もえないごみ,冷蔵庫脱臭剤(中身・容器一体),,れ
もえるごみ,冷蔵庫脱臭剤の中身,,れ
プラスチック製容器包装,冷蔵庫脱臭剤の容器,,れ
もえないごみ,冷蔵庫の仕切り板,,れ
プラスチック製容器包装,冷凍食品のトレイ、中仕切り,,れ
プラスチック製容器包装,冷凍食品のプラの外装パック,,れ
粗大ごみ,冷風機,,れ
粗大ごみ,冷風扇,,れ
きれいな古繊維,礼服,,れ
もえないごみ,レインカバー,,れ
もえないごみ,レインコート・レインウェア,,れ
使えるくつ・かばん,レインシューズ(汚損、臭いなし),,れ
もえないごみ,レーザーディスク・ケース,,れ
テレビ以外の小型家電,レーザーディスクカラオケ,,れ
テレビ以外の小型家電,レーザーディスクプレーヤー,,れ
テレビ以外の小型家電,レーザープリンター(家庭用),,れ
テレビ以外の小型家電,レーザー脱毛器(電池は危険ごみ),,れ
もえるごみ,レース(カーテン以外のもの),,れ
もえないごみ,レースカーテン,,れ
テレビ以外の小型家電,レーダー探知機,,れ
もえるごみ,レオタード,,れ
もえないごみ,レギュレーター(ダイビング用),,れ
きれいな古繊維,レギンス,,れ
紙製容器包装・がみ,レコードジャケット,,れ
もえないごみ,レコード盤,,れ
テレビ以外の小型家電,レコードプレーヤー,,れ
もえないごみ,レコード針,,れ
きれいな古繊維,レザージャケット,,れ
きれいな古繊維,レザーパンツ,,れ
もえるごみ,レシート,,れ
プラスチック製容器包装,レジ袋,,れ
テレビ以外の小型家電,レシプロソー(工具･DIY),,れ
もえないごみ,レジャーシート,,れ
プラスチック製容器包装,レジャーシートの外装袋,,れ
もえないごみ,レジン(樹脂のアクセサリー),,れ
もえないごみ,レターオープナー,,れ
もえないごみ,レターケース・レタートレイ,,れ
もえるごみ,レッグウォーマー,,れ
プラスチック製容器包装,レトルトご飯の容器,,れ
紙製容器包装・がみ,レトルト食品の紙の箱,,れ
プラスチック製容器包装,レトルト食品のプラスチックパック,,れ
紙製容器包装・がみ,レポート用紙,,れ
もえないごみ,レモン搾り器,,れ
プラスチック製容器包装,レモン汁のプラ容器,,れ
もえないごみ,レンガ,,れ
もえないごみ,レンゲ,,れ
もえないごみ,連結ハンガー,,れ
テレビ以外の小型家電,レンジ,,れ
粗大ごみ,レンジ台,,れ
粗大ごみ,レンジフード(自分で解体したもの),,れ
もえるごみ,レンジフードフィルター,,れ
きれいな古繊維,練習着(きれいなもの),,れ
もえないごみ,レンジ容器,,れ
もえないごみ,レンジロースター,,れ
もえないごみ,レンズ,,れ
もえないごみ,レンチ(工具･DIY),,れ
粗大ごみ,廊下敷き,,ろ
もえるごみ,ろうそく,,ろ
もえないごみ,ろうそく立て,,ろ
もえないごみ,蝋燭立て,,ろ
テレビ以外の小型家電,漏電遮断機,,ろ
もえないごみ,漏斗,,ろ
プラスチック製容器包装,ローションのプラ容器・チューブ,,ろ
テレビ以外の小型家電,ロースター(調理用小型家電),,ろ
粗大ごみ,ローソファー,,ろ
粗大ごみ,ローテーブル,,ろ
もえないごみ,ロープ,,ろ
使えるくつ・かばん,ローファー(汚損、臭いなし),,ろ
もえないごみ,ローラースタンド,,ろ
もえないごみ,ローラー台(自転車用),,ろ
もえないごみ,ローラーボール,,ろ
きれいな古繊維,ローライズパンツ,,ろ
もえないごみ,ロールカーテン,,ろ
もえないごみ,ロールシート,,ろ
紙製容器包装・がみ,ロール紙の芯,,ろ
もえないごみ,ロールスクリーン,,ろ
テレビ以外の小型家電,濾過器(アクアリウム用),,ろ
粗大ごみ,ろくろ,,ろ
もえないごみ,ロケット(アクセサリ),,ろ
もえないごみ,ロザリオ(アクセサリ),,ろ
テレビ以外の小型家電,露出計,,ろ
粗大ごみ,ロッカー(家庭用),,ろ
もえないごみ,六角棒スパナ・六角棒レンチ,,ろ
粗大ごみ,ロッキングチェア,,ろ
もえないごみ,ロックピン,,ろ
テレビ以外の小型家電,ロボット掃除機(家庭用),,ろ
きれいな古繊維,ロングジャケット,,ろ
きれいな古繊維,ロングスカート,,ろ
きれいな古繊維,ロンパース,,ろ
テレビ以外の小型家電,ワードライタ,,わ
テレビ以外の小型家電,ワードプロセッサー(ワープロ),,わ
きれいな古繊維,Yシャツ,,わ
プラスチック製容器包装,Yシャツ(えりのプラ製キーパー),,わ
紙製容器包装・がみ,Yシャツ(えりの紙製キーパー),,わ
紙製容器包装・がみ,Yシャツ(シャツの中の台紙、値札),,わ
プラスチック製容器包装,Yシャツ(プラのクリップ),,わ
プラスチック製容器包装,Yシャツ(プラの包装),,わ
もえないごみ,ワイパー・ワイパーゴム,,わ
もえないごみ,ワイヤー,,わ
もえないごみ,ワイヤーかご,,わ
もえないごみ,ワイヤーストリッパー(工具･DIY),,わ
もえないごみ,ワイヤー製品,,わ
もえないごみ,ワイヤーツイスター(工具･DIY),,わ
もえないごみ,ワイヤーパネル,,わ
もえないごみ,ワイヤーブラシ(工具･DIY),,わ
もえないごみ,ワイヤープランター,,わ
もえないごみ,ワイヤーロック,,わ
もえないごみ,ワイヤカッター(工具･DIY),,わ
もえないごみ,ワインオープナー,,わ
もえないごみ,ワインカバー,,わ
もえないごみ,ワインクーラー,,わ
もえないごみ,ワイングラス,,わ
テレビ以外の小型家電,ワインディングマシン,,わ
もえないごみ,ワインのコルクのふた,,わ
びん,ワインのボトル,,わ
粗大ごみ,ワインラック,,わ
もえないごみ,和傘,,わ
キッチンの油と貝殻と調理くず,ワカメ(加熱前のもの),,わ
もえるごみ,ワカメ(加熱したもの),,わ
粗大ごみ,脇机,,わ
もえないごみ,輪ゴム,,わ
粗大ごみ,ワゴン(収納家具),,わ
粗大ごみ,和栽台,,わ
プラスチック製容器包装,わさび(練りわさびのプラキャップ),,わ
プラスチック製容器包装,わさび(練りわさびのプラチューブ),,わ
プラスチック製容器包装,わさび(練りわさびのミニパック),,わ
紙製容器包装・がみ,和紙,,わ
テレビ以外の小型家電,わたあめ機,,わ
粗大ごみ,和太鼓,,わ
もえないごみ,和太鼓のばち,,わ
粗大ごみ,綿入り毛布,,わ
プラスチック製容器包装,ワックス(チューブ、パック、キャップ),,わ
かん,ワックス(ヘアワックスの缶、ふた),,わ
プラスチック製容器包装,ワックス(ヘアワックスのプラ容器),,わ
紙製容器包装・がみ,ワックスペーパー,,わ
もえないごみ,ワッペン(アクセサリ),,わ
もえないごみ,和服,,わ
もえないごみ,わらじ,,わ
紙製容器包装・がみ,わら半紙,,わ
紙製容器包装・がみ,割りばし(紙の包装),,わ
プラスチック製容器包装,割りばし(プラの包装),,わ
もえないごみ,割りばし(包装の中の爪楊枝),,わ
家庭の枝・木くず,割りばし(木製),,わ
もえないごみ,割れたびん,,わ
もえないごみ,われもの,,わ
もえないごみ,椀,,わ
びん,ワンカップの酒のびん,,わ
もえないごみ,腕章,,わ
テレビ以外の小型家電,ワンセグ携帯受信機,,わ
テレビ以外の小型家電,ワンセグ受信機,,わ
きれいな古繊維,ワンピース,,わ
